dataset,model,protocol,method,representation,accuracy,macro_f1,brier,nll,ece_15,confidence_gap,mean_confidence,overconfidence_positive_gap,overconfidence_negative_gap,aurc,error,n_subjects_total,n_subjects_available_accuracy,n_subjects_available_macro_f1,n_subjects_available_brier,n_subjects_available_nll,n_subjects_available_ece_15,n_subjects_available_confidence_gap,n_subjects_available_mean_confidence,n_subjects_available_overconfidence_positive_gap,n_subjects_available_overconfidence_negative_gap,n_subjects_available_aurc,n_subjects_available_error
uci_har,cnn1d,leakage_reduced_mixed,iso,raw_sensor_windows,0.9294226918220587,0.9269203680889362,0.10620362705985283,0.6304123973180147,0.06625579378797104,0.018405788423834876,0.9478284802458937,0.03473163207925952,-0.01632584365542464,0.01865596599739881,0.07057730817794122,30,30,30,30,30,30,30,30,30,30,30,30
uci_har,cnn1d,leakage_reduced_mixed,raw,raw_sensor_windows,0.9313519808356613,0.9326541852067955,0.10209201560841742,0.20459631844772874,0.055191804257345156,0.013319819050563297,0.9446717998862246,0.0291043787814015,-0.015784559730838203,0.014614853296287438,0.06864801916433866,30,30,30,30,30,30,30,30,30,30,30,30
uci_har,cnn1d,leakage_reduced_mixed,temp,raw_sensor_windows,0.9313519808356613,0.9326541852067955,0.10034561041118421,0.2408616918988091,0.059392451608268546,0.002433467839762149,0.9337854486754236,0.02301138888234396,-0.020577921042581812,0.02038898020886812,0.06864801916433866,30,30,30,30,30,30,30,30,30,30,30,30
uci_har,cnn1d,sample_mixed,iso,raw_sensor_windows,0.9681039666297072,0.9691221394935822,0.046887330899881084,0.10590923562734382,0.022704810216192636,0.0035286390812415613,0.9716326057109488,0.010708311882149204,-0.007179672800907643,0.0036283674549931035,0.031896033370292766,30,30,30,30,30,30,30,30,30,30,30,30
uci_har,cnn1d,sample_mixed,raw,raw_sensor_windows,0.9679684131788174,0.9689498574487733,0.04726614315183098,0.08217297784306596,0.023505569278437197,-0.0006405276897275393,0.9673278854890898,0.00941280248218876,-0.010053330171916302,0.0029107357367806194,0.03203158682118261,30,30,30,30,30,30,30,30,30,30,30,30
uci_har,cnn1d,sample_mixed,temp,raw_sensor_windows,0.9679684131788174,0.9689498574487733,0.047222795285034765,0.08234070827325056,0.02336717597816742,-0.0001312568239621464,0.9678371563548552,0.009579219710100544,-0.00971047653406269,0.0029178764572990712,0.03203158682118261,30,30,30,30,30,30,30,30,30,30,30,30
uci_har,cnn1d,subject_disjoint,iso,raw_sensor_windows,0.9111080283273403,0.9071190110845871,0.14503203635282508,1.0045494185016155,0.08488826131816214,0.035588014728758256,0.9466960430560986,0.05299319853246455,-0.017405183803706294,0.05163938986883128,0.08889197167265975,30,30,30,30,30,30,30,30,30,30,30,30
uci_har,cnn1d,subject_disjoint,raw,raw_sensor_windows,0.9158785299060835,0.9113297067824689,0.13367955910425983,0.2707936769183595,0.07530789893589838,0.02203556640023309,0.9379140963063167,0.04091668633695967,-0.01888111993672658,0.023736572484857468,0.0841214700939164,30,30,30,30,30,30,30,30,30,30,30,30
uci_har,cnn1d,subject_disjoint,temp,raw_sensor_windows,0.9158785299060835,0.9113297067824689,0.1371736404542282,0.3151446935709446,0.08797422724144828,0.006981644129506639,0.9228601740355902,0.03986770931379759,-0.03288606518429096,0.023653924196916417,0.0841214700939164,30,30,30,30,30,30,30,30,30,30,30,30
uci_har,extra_trees,leakage_reduced_mixed,iso,V1_official_features,0.9574340412696232,0.9568075477029621,0.06432447421859763,0.22515676792014422,0.02468179458577459,0.005450388842037016,0.9628844301116601,0.012466480506244463,-0.007016091664207446,0.009000618410004177,0.04256595873037688,30,30,30,30,30,30,30,30,30,30,30,30
uci_har,extra_trees,leakage_reduced_mixed,raw,V1_official_features,0.9589197389019297,0.9587845464333555,0.0966858014717815,0.21315970874235352,0.12481547853945954,-0.12306068561617055,0.8358590532857592,0.0,-0.12306068561617055,0.004789099394806514,0.04108026109807033,30,30,30,30,30,30,30,30,30,30,30,30
uci_har,extra_trees,leakage_reduced_mixed,temp,V1_official_features,0.9589197389019297,0.9587845464333555,0.059073861718320415,0.10187820849084209,0.02173788288020955,0.0017462514573614806,0.9606659903592912,0.009676611388372329,-0.007930359931010848,0.004520750856358676,0.04108026109807033,30,30,30,30,30,30,30,30,30,30,30,30
uci_har,extra_trees,sample_mixed,iso,V1_official_features,0.9819229303962727,0.9819870730627823,0.02781710936080612,0.10289073027627814,0.009817886768514326,0.002684646873650395,0.984607577269923,0.0049532269636984394,-0.0022685800900480446,0.0027938194046816084,0.01807706960372742,30,30,30,30,30,30,30,30,30,30,30,30
uci_har,extra_trees,sample_mixed,raw,V1_official_features,0.9817747639243866,0.9819071149642159,0.06703368814627458,0.16702404107242036,0.12003226607479241,-0.11969181656495216,0.8620829473594344,0.0,-0.11969181656495216,0.0011046105358983066,0.01822523607561348,30,30,30,30,30,30,30,30,30,30,30,30
uci_har,extra_trees,sample_mixed,temp,V1_official_features,0.9817747639243866,0.9819071149642159,0.02698268962490004,0.047343150956743726,0.009235517488054934,0.0005335755369734081,0.98230833946136,0.003857788007066297,-0.0033242124700928887,0.0010220114960388204,0.01822523607561348,30,30,30,30,30,30,30,30,30,30,30,30
uci_har,extra_trees,subject_disjoint,iso,V1_official_features,0.9379064442005891,0.9323756583615286,0.09908758097788063,0.4270211249543936,0.045031455231556154,0.014137148602824952,0.952043592803414,0.023896563220143108,-0.009759414617318154,0.016362422898126235,0.062093555799410935,30,30,30,30,30,30,30,30,30,30,30,30
uci_har,extra_trees,subject_disjoint,raw,V1_official_features,0.9379788961071754,0.9328526123365646,0.1359474791367197,0.2793133999597638,0.14352670883489216,-0.13874578006209334,0.7992331160450821,0.0,-0.13874578006209334,0.012022473274282882,0.06202110389282459,30,30,30,30,30,30,30,30,30,30,30,30
uci_har,extra_trees,subject_disjoint,temp,V1_official_features,0.9379788961071754,0.9328526123365646,0.09376512854419011,0.16817042490464168,0.03928248404241619,0.0015711800715772278,0.9395500761787526,0.018143594699002338,-0.01657241462742511,0.011182008163370975,0.06202110389282459,30,30,30,30,30,30,30,30,30,30,30,30
uci_har,hist_gradient_boosting,leakage_reduced_mixed,iso,V1_official_features,0.9599989511725548,0.9607142009172089,0.058051162426369735,0.21437728915752227,0.026262368940290343,0.008247001698869624,0.9682459528714245,0.01479691185490238,-0.006549910156032757,0.007374759923291901,0.040001048827445124,30,30,30,30,30,30,30,30,30,30,30,30
uci_har,hist_gradient_boosting,leakage_reduced_mixed,raw,V1_official_features,0.9628141841674901,0.9639235468199995,0.06425679766331878,0.19106407883706694,0.029095593495572492,0.028738197895573105,0.9915523820630632,0.028831056399203518,-9.285850363041081e-05,0.004682930602709208,0.0371858158325099,30,30,30,30,30,30,30,30,30,30,30,30
uci_har,hist_gradient_boosting,leakage_reduced_mixed,temp,V1_official_features,0.9628141841674901,0.9639235468199995,0.05718571354253404,0.11027737938545952,0.026157599616872432,0.0064121229468556175,0.9692263071143457,0.014219296581915434,-0.007807173635059816,0.004515235210713564,0.0371858158325099,30,30,30,30,30,30,30,30,30,30,30,30
uci_har,hist_gradient_boosting,sample_mixed,iso,V1_official_features,0.9890203042174585,0.9891639881964428,0.017171193149100983,0.07671521524766488,0.006303669895613945,0.002769485378335612,0.991789789595794,0.003858078343323609,-0.0010885929649879977,0.002214846503376956,0.010979695782541562,30,30,30,30,30,30,30,30,30,30,30,30
uci_har,hist_gradient_boosting,sample_mixed,raw,V1_official_features,0.9895849151890038,0.9897440214165351,0.016757682085615823,0.03552581551029284,0.006672550225522823,0.0058289484566035315,0.9954138636456074,0.006198959137974864,-0.00037001068137133293,0.00043919397656225537,0.010415084810996185,30,30,30,30,30,30,30,30,30,30,30,30
uci_har,hist_gradient_boosting,sample_mixed,temp,V1_official_features,0.9895849151890038,0.9897440214165351,0.01591596120653879,0.029162759205392647,0.005774740034142592,0.0013161826485235174,0.9909010978375273,0.00295397639874751,-0.0016377937502239925,0.00044452380352674964,0.010415084810996185,30,30,30,30,30,30,30,30,30,30,30,30
uci_har,hist_gradient_boosting,subject_disjoint,iso,V1_official_features,0.9336255874191917,0.9276721150733447,0.10724193717737987,0.6626900046630306,0.04626313387624441,0.025296007087915403,0.958921594507107,0.03130197570776922,-0.006005968619853821,0.02279535267830665,0.06637441258080838,30,30,30,30,30,30,30,30,30,30,30,30
uci_har,hist_gradient_boosting,subject_disjoint,raw,V1_official_features,0.9353439189371618,0.9289763805791538,0.11249964017527123,0.3639519644479875,0.0511268466302603,0.050231197131280325,0.9855751160684422,0.05056494029331552,-0.0003337431620352049,0.014996718942419317,0.06465608106283818,30,30,30,30,30,30,30,30,30,30,30,30
uci_har,hist_gradient_boosting,subject_disjoint,temp,V1_official_features,0.9353439189371618,0.9289763805791538,0.1030905825147477,0.2186458877502987,0.04869865508843632,0.013764496478358272,0.94910841541552,0.026544263328104868,-0.012779766849746597,0.015620406754215528,0.06465608106283818,30,30,30,30,30,30,30,30,30,30,30,30
uci_har,logistic,leakage_reduced_mixed,iso,V1_official_features,0.9672966767996314,0.9690011834777088,0.052527978733158474,0.23564805174074802,0.021612959700751624,0.005487038938659749,0.9727837157382913,0.009578183293741287,-0.004091144355081537,0.010711413829096758,0.03270332320036855,30,30,30,30,30,30,30,30,30,30,30,30
uci_har,logistic,leakage_reduced_mixed,raw,V1_official_features,0.9678933028715324,0.9694311301973679,0.0510399256588183,0.11090152839033011,0.0190156706188095,0.012605383244438257,0.9804986861159707,0.014481346375522805,-0.001875963131084546,0.0052968914998866145,0.03210669712846755,30,30,30,30,30,30,30,30,30,30,30,30
uci_har,logistic,leakage_reduced_mixed,temp,V1_official_features,0.9678933028715324,0.9694311301973679,0.05052260708014959,0.10096768889190418,0.020999568376688735,-0.0031825210026114235,0.9647107818689211,0.005905005298495902,-0.009087526301107325,0.005785955849311886,0.03210669712846755,30,30,30,30,30,30,30,30,30,30,30,30
uci_har,logistic,sample_mixed,iso,V1_official_features,0.981674910732509,0.9824021947156033,0.029134203644570384,0.09626708452451684,0.01020953367416805,0.0027970584556183766,0.9844719691881274,0.0049263375178936145,-0.0021292790622752375,0.0030969435913676137,0.018325089267490997,30,30,30,30,30,30,30,30,30,30,30,30
uci_har,logistic,sample_mixed,raw,V1_official_features,0.982160227619223,0.982886349632394,0.028131183520759526,0.05641430424517121,0.009848205472322331,0.0017121085648538648,0.9838723361840767,0.004172421354575208,-0.0024603127897213427,0.0016970785921346875,0.01783977238077711,30,30,30,30,30,30,30,30,30,30,30,30
uci_har,logistic,sample_mixed,temp,V1_official_features,0.982160227619223,0.982886349632394,0.02820995350400866,0.0560948079165279,0.010800802974032627,-0.0011834899060168406,0.980976737713206,0.0028552394124018083,-0.004038729318418649,0.001723304006562821,0.01783977238077711,30,30,30,30,30,30,30,30,30,30,30,30
uci_har,logistic,subject_disjoint,iso,V1_official_features,0.9397488859084436,0.9334380309953948,0.09952626120719911,0.6035788923253141,0.04719119125499972,0.01788141791366234,0.957630303822106,0.0268694919738407,-0.00898807406017836,0.019901792386724553,0.06025111409155632,30,30,30,30,30,30,30,30,30,30,30,30
uci_har,logistic,subject_disjoint,raw,V1_official_features,0.9441964271815306,0.9395561047032615,0.09157097924802488,0.24762837971537907,0.03703461205237302,0.03156077897997706,0.9757572061615076,0.03278979003006045,-0.0012290110500833935,0.015817129406205985,0.05580357281846939,30,30,30,30,30,30,30,30,30,30,30,30
uci_har,logistic,subject_disjoint,temp,V1_official_features,0.9441964271815306,0.9395561047032615,0.09239952017914327,0.22449614852899752,0.04743434962762662,0.0019520571629699118,0.9461484843445006,0.02140652943616682,-0.019454472273196907,0.015795128945448635,0.05580357281846939,30,30,30,30,30,30,30,30,30,30,30,30
uci_har,random_forest,leakage_reduced_mixed,iso,V1_official_features,0.946718523092759,0.9457187806202596,0.0775898846825547,0.28497364228627536,0.03222895513993138,0.011549256198041166,0.9582677792908001,0.017691102165715466,-0.006141845967674301,0.011921529702231112,0.0532814769072411,30,30,30,30,30,30,30,30,30,30,30,30
uci_har,random_forest,leakage_reduced_mixed,raw,V1_official_features,0.9521142793769043,0.9519156220233818,0.09184855422797256,0.19218038964127318,0.09429446705700681,-0.08819977094389254,0.8639145084330119,0.0,-0.08819977094389254,0.007152343227366495,0.04788572062309564,30,30,30,30,30,30,30,30,30,30,30,30
uci_har,random_forest,leakage_reduced_mixed,temp,V1_official_features,0.9521142793769043,0.9519156220233818,0.07178817516198548,0.12325813999027414,0.02852350114591816,0.0035962271041256044,0.95571050648103,0.0138125829306887,-0.010216355826563096,0.006512492427353731,0.04788572062309564,30,30,30,30,30,30,30,30,30,30,30,30
uci_har,random_forest,sample_mixed,iso,V1_official_features,0.9748209747347707,0.9743275122756927,0.0380912573538167,0.12828794652623363,0.013770273373193686,0.003480822934939847,0.9783017976697105,0.007354428644887495,-0.0038736057099476467,0.004255957202006169,0.025179025265229322,30,30,30,30,30,30,30,30,30,30,30,30
uci_har,random_forest,sample_mixed,raw,V1_official_features,0.9753070022709565,0.9749272035815056,0.062054107139742506,0.14735569764506323,0.09221940705153707,-0.09155650776625875,0.8837504945046977,0.0,-0.09155650776625875,0.0020373645030862873,0.024692997729043542,30,30,30,30,30,30,30,30,30,30,30,30
uci_har,random_forest,sample_mixed,temp,V1_official_features,0.9753070022709565,0.9749272035815056,0.03690920985646071,0.06364025191385665,0.013181272988719886,0.0008359660203524865,0.976142968291309,0.0057912696827725095,-0.004955303662420024,0.0018288306209727821,0.024692997729043542,30,30,30,30,30,30,30,30,30,30,30,30
uci_har,random_forest,subject_disjoint,iso,V1_official_features,0.9192892708604294,0.9095795344033655,0.12254594728740603,0.5417947505307341,0.05619630612613429,0.023120431807735816,0.9424097026681653,0.030964110544248528,-0.007843678736512712,0.02360823098612735,0.08071072913957056,30,30,30,30,30,30,30,30,30,30,30,30
uci_har,random_forest,subject_disjoint,raw,V1_official_features,0.9247824463917682,0.9156934381230247,0.13425067843965566,0.2617459060044242,0.1081352637997511,-0.0965045546438844,0.8282778917478839,3.885836385836357e-05,-0.09654341300774276,0.018094960609895048,0.07521755360823174,30,30,30,30,30,30,30,30,30,30,30,30
uci_har,random_forest,subject_disjoint,temp,V1_official_features,0.9247824463917682,0.9156934381230247,0.11319615661970853,0.20019615694169873,0.047307730984222605,-0.0005137645148596291,0.9242686818769086,0.018860227787830596,-0.019373992302690227,0.016784080687411388,0.07521755360823174,30,30,30,30,30,30,30,30,30,30,30,30
wisdm_watch_accel,cnn1d,sample_mixed,iso,raw_sensor_windows,0.7713491574728983,0.7538171622858998,0.31776875961703555,0.7995119204065392,0.0704390450647094,0.004898394463890617,0.776247551936789,0.02230671491168438,-0.017408320447793765,0.07219780665068605,0.22865084252710166,50,50,50,50,50,50,50,50,50,50,50,50
wisdm_watch_accel,cnn1d,sample_mixed,raw,raw_sensor_windows,0.7656429200503626,0.7467557633998355,0.32698913524005213,0.7164046536569173,0.08017040654176678,-0.04034278294442539,0.7253001371059372,0.006075849207626509,-0.04641863215205189,0.07511834141162278,0.2343570799496374,50,50,50,50,50,50,50,50,50,50,50,50
wisdm_watch_accel,cnn1d,sample_mixed,temp,raw_sensor_windows,0.7656429200503626,0.7467557633998355,0.3240812486447729,0.713881909901163,0.07099469898590183,-0.01501662080483755,0.7506262992455252,0.012944584600630455,-0.027961205405468002,0.07515136612210511,0.2343570799496374,50,50,50,50,50,50,50,50,50,50,50,50
wisdm_watch_accel,cnn1d,subject_disjoint,iso,raw_sensor_windows,0.5166424459994545,0.4762783968079268,0.6266244839194756,2.2362633207815836,0.1746650121980268,0.008187770204405658,0.5248302162038602,0.06677616453736915,-0.05858839433296348,0.30415671196262273,0.48335755400054553,50,50,50,50,50,50,50,50,50,50,50,50
wisdm_watch_accel,cnn1d,subject_disjoint,raw,raw_sensor_windows,0.5098006412666014,0.4649894619717147,0.6360568724015869,1.754555032557843,0.17273353728763893,0.021950034501569928,0.5317506757681714,0.07633753112801857,-0.054387496626448636,0.31243115739392474,0.4901993587333986,50,50,50,50,50,50,50,50,50,50,50,50
wisdm_watch_accel,cnn1d,subject_disjoint,temp,raw_sensor_windows,0.5098006412666014,0.4649894619717147,0.6611137155729716,1.6973339731219568,0.21580974563992075,-0.1063575465324043,0.40344309473419715,0.03654235548445788,-0.1428999020168622,0.31551598457519575,0.4901993587333986,50,50,50,50,50,50,50,50,50,50,50,50
wisdm_watch_accel,extra_trees,sample_mixed,iso,V1_official_features,0.8220807004560435,0.8131432178204467,0.2518011207012491,0.6680570974969529,0.0564073996733093,-0.017708054878768132,0.8043726455772755,0.005617863834092735,-0.02332591871286087,0.045446993743594157,0.1779192995439565,50,50,50,50,50,50,50,50,50,50,50,50
wisdm_watch_accel,extra_trees,sample_mixed,raw,V1_official_features,0.8225735588360387,0.8113886596239714,0.2884593416977899,0.705930746225244,0.1576788205544088,-0.1536368652515066,0.6689366935845321,0.0,-0.1536368652515066,0.04499797336581821,0.17742644116396133,50,50,50,50,50,50,50,50,50,50,50,50
wisdm_watch_accel,extra_trees,sample_mixed,temp,V1_official_features,0.8225735588360387,0.8113886596239714,0.2517779066544919,0.612155213742584,0.06106291329137488,-0.03406261749650677,0.7885109413395319,0.0019733163908231114,-0.03603593388732988,0.044991420762637534,0.17742644116396133,50,50,50,50,50,50,50,50,50,50,50,50
wisdm_watch_accel,extra_trees,subject_disjoint,iso,V1_official_features,0.6251190630841524,0.6008699642121804,0.5012912819009453,1.5303051001909227,0.1334487597589502,-0.022985435450133544,0.6021336276340189,0.03820357102036353,-0.06118900647049707,0.1948590266042743,0.3748809369158475,50,50,50,50,50,50,50,50,50,50,50,50
wisdm_watch_accel,extra_trees,subject_disjoint,raw,V1_official_features,0.631222500482924,0.6103715666182774,0.5070740286353697,1.5722948779707493,0.15368046072018912,-0.0759508691133253,0.5552716313695988,0.0263785803041559,-0.10232944941748119,0.19791124876138028,0.36877749951707595,50,50,50,50,50,50,50,50,50,50,50,50
wisdm_watch_accel,extra_trees,subject_disjoint,temp,V1_official_features,0.631222500482924,0.6103715666182774,0.5860117001325896,1.5739520742401223,0.24097542836712202,-0.18528297918694633,0.44593952129597775,0.01647581775387732,-0.20175879694082366,0.20448461986756772,0.36877749951707595,50,50,50,50,50,50,50,50,50,50,50,50
wisdm_watch_accel,hist_gradient_boosting,sample_mixed,iso,V1_official_features,0.8444426431149553,0.8362117601253197,0.2227594084909219,0.6167296495058848,0.04496631984055737,0.014539291772272174,0.8589819348872275,0.019029207418539296,-0.004489915646267122,0.037409840881787365,0.15555735688504466,50,50,50,50,50,50,50,50,50,50,50,50
wisdm_watch_accel,hist_gradient_boosting,sample_mixed,raw,V1_official_features,0.8455064630993534,0.8375896967065429,0.22423148181965302,0.525544648431063,0.052637847198212906,0.03990129668282214,0.8854077597821757,0.04035973830292819,-0.0004584416201060415,0.03709244642770683,0.15449353690064652,50,50,50,50,50,50,50,50,50,50,50,50
wisdm_watch_accel,hist_gradient_boosting,sample_mixed,temp,V1_official_features,0.8455064630993534,0.8375896967065429,0.22042052428042172,0.5054119086748582,0.045308449979609616,0.00476795810469046,0.8502744212040441,0.013255246686135074,-0.008487288581444612,0.036922163969471546,0.15449353690064652,50,50,50,50,50,50,50,50,50,50,50,50
wisdm_watch_accel,hist_gradient_boosting,subject_disjoint,iso,V1_official_features,0.6418640368284766,0.6190691257308394,0.4783438439087241,1.518041233362631,0.10145238410990634,0.026046021702191616,0.6679100585306681,0.049077865060733146,-0.023031843358541533,0.18029071592965085,0.3581359631715235,50,50,50,50,50,50,50,50,50,50,50,50
wisdm_watch_accel,hist_gradient_boosting,subject_disjoint,raw,V1_official_features,0.6420888682362667,0.6236584037425417,0.5298645011205964,1.4832259053056434,0.18434900548064706,0.18134860056350774,0.8234374687997744,0.18134860056350774,0.0,0.18263452837652278,0.35791113176373324,50,50,50,50,50,50,50,50,50,50,50,50
wisdm_watch_accel,hist_gradient_boosting,subject_disjoint,temp,V1_official_features,0.6420888682362667,0.6236584037425417,0.48051207465188817,1.2142556556129611,0.1230149861868503,-0.011094488840768251,0.6309943793954985,0.04425447295352489,-0.05534896179429313,0.1819691580024831,0.35791113176373324,50,50,50,50,50,50,50,50,50,50,50,50
wisdm_watch_accel,logistic,sample_mixed,iso,V1_official_features,0.7094924580118497,0.690622969479795,0.40041385584455597,1.0158728223230817,0.0818510039028908,-0.0007935765374618958,0.7086988814743878,0.02401870474702652,-0.024812281284488414,0.12104417212704416,0.2905075419881504,50,50,50,50,50,50,50,50,50,50,50,50
wisdm_watch_accel,logistic,sample_mixed,raw,V1_official_features,0.7114334053260536,0.6913666089375196,0.40135775070333707,0.9371671824565879,0.08836985871578448,-0.03464079209827614,0.6767926132277775,0.011979922403497403,-0.04662071450177355,0.12016318216031839,0.2885665946739464,50,50,50,50,50,50,50,50,50,50,50,50
wisdm_watch_accel,logistic,sample_mixed,temp,V1_official_features,0.7114334053260536,0.6913666089375196,0.4013134585539242,0.9372159907300578,0.08869676524053766,-0.034095304249315714,0.6773381010767379,0.012110972418749779,-0.046206276668065496,0.12017982021090472,0.2885665946739464,50,50,50,50,50,50,50,50,50,50,50,50
wisdm_watch_accel,logistic,subject_disjoint,iso,V1_official_features,0.5993610963741313,0.5684273432216527,0.557354673629622,1.8968355880794985,0.1615827786441769,-0.010287156022139345,0.5890739403519919,0.05854903096614305,-0.0688361869882824,0.23560612058871602,0.40063890362586885,50,50,50,50,50,50,50,50,50,50,50,50
wisdm_watch_accel,logistic,subject_disjoint,raw,V1_official_features,0.6069749889450108,0.5792705180068721,0.5535911092705992,1.813025108229341,0.1438767398438454,0.08983760058050448,0.6968125895255153,0.10299347102133881,-0.013155870440834327,0.23082716462201852,0.39302501105498927,50,50,50,50,50,50,50,50,50,50,50,50
wisdm_watch_accel,logistic,subject_disjoint,temp,V1_official_features,0.6069749889450108,0.5792705180068721,0.6017569755321639,1.563938462606316,0.2343599180294241,-0.15119029625206812,0.4557846926929426,0.03250953952446452,-0.18369983577653265,0.23598201666313995,0.39302501105498927,50,50,50,50,50,50,50,50,50,50,50,50
wisdm_watch_accel,random_forest,sample_mixed,iso,V1_official_features,0.8208510219279147,0.8117591974580659,0.25339339571313085,0.6682126299240657,0.05662050740778565,-0.015268234713530582,0.805582787214384,0.006921795613531314,-0.022190030327061894,0.04691916008249273,0.17914897807208535,50,50,50,50,50,50,50,50,50,50,50,50
wisdm_watch_accel,random_forest,sample_mixed,raw,V1_official_features,0.8221199741995865,0.8112716989637682,0.2897485309975088,0.7040710973082059,0.15598193749096104,-0.15218947946823508,0.6699304947313515,0.0,-0.15218947946823508,0.04734521640212707,0.1778800258004135,50,50,50,50,50,50,50,50,50,50,50,50
wisdm_watch_accel,random_forest,sample_mixed,temp,V1_official_features,0.8221199741995865,0.8112716989637682,0.2527367846126927,0.6084712899063052,0.05953629658598916,-0.030334799414234934,0.7917851747853516,0.002605796138433335,-0.03294059555266827,0.04662005537153517,0.1778800258004135,50,50,50,50,50,50,50,50,50,50,50,50
wisdm_watch_accel,random_forest,subject_disjoint,iso,V1_official_features,0.6347213239399574,0.610093690101295,0.48426706516852547,1.4598290112648544,0.12280745358554707,-0.01718446579286075,0.6175368581470967,0.035426177381389784,-0.052610643174250536,0.18189017962746387,0.36527867606004255,50,50,50,50,50,50,50,50,50,50,50,50
wisdm_watch_accel,random_forest,subject_disjoint,raw,V1_official_features,0.6412795656144985,0.6201651543479794,0.4894384478606263,1.4903064972610764,0.14121196302858233,-0.07463107056386165,0.5666484950506369,0.02196497271196093,-0.09659604327582258,0.18402048196760165,0.3587204343855015,50,50,50,50,50,50,50,50,50,50,50,50
wisdm_watch_accel,random_forest,subject_disjoint,temp,V1_official_features,0.6412795656144985,0.6201651543479794,0.5646127871514968,1.5036704761663946,0.22809752570334016,-0.1789839152789664,0.46229565033553205,0.013407809401402118,-0.19239172468036847,0.187289730943818,0.3587204343855015,50,50,50,50,50,50,50,50,50,50,50,50
