family,scope,dataset_scope,model_scope,effect,estimand,kind,n_subjects_total,n_subjects_available,n_subjects_unavailable,n_datasets_total,n_datasets_available,n_seeds_expected,n_models_expected,n_models_available_min,n_models_available_max,model_availability_policy,n_seeds_available_min,n_seeds_available_max,draws,estimate,ci_low,ci_high,n_subjects,n_datasets,sign_flip_two_sided_p,undefined_reason,estimand_population,holm_adjusted_p,multiplicity_family,n_hypotheses_planned,n_hypotheses_testable
expanded_secondary,dataset,uci_har,all,aps_a0.1_coverage_gap,aps_a0.1_coverage_gap,contrast,30,30,0,1,1,10,5,5,5,all_required_models,10,10,5000,0.0004383721060224978,-0.013466289016320611,0.01429078892217431,30,1,0.9530093981203759,defined,available participants within each dataset; model_availability_policy explicitly recorded; available repeated-seed values averaged within model,1.0,all_reported_expanded_secondary_contrasts_including_supplementary_scopes,270,270
expanded_secondary,dataset,wisdm_watch_accel,all,aps_a0.1_coverage_gap,aps_a0.1_coverage_gap,contrast,50,50,0,1,1,10,5,5,5,all_required_models,10,10,5000,0.009347096109306343,-0.003716773631514003,0.02100034393428532,50,1,0.14877024595080984,defined,available participants within each dataset; model_availability_policy explicitly recorded; available repeated-seed values averaged within model,1.0,all_reported_expanded_secondary_contrasts_including_supplementary_scopes,270,270
expanded_secondary,dataset,uci_har,all,aps_a0.1_mean_size,aps_a0.1_mean_size,descriptive,30,30,0,1,1,10,5,5,5,all_required_models,10,10,5000,2.128459877282061,2.0343062297897285,2.2316353812628207,30,1,,defined,available participants within each dataset; model_availability_policy explicitly recorded; available repeated-seed values averaged within model,,all_reported_expanded_secondary_contrasts_including_supplementary_scopes,270,270
expanded_secondary,dataset,wisdm_watch_accel,all,aps_a0.1_mean_size,aps_a0.1_mean_size,descriptive,50,50,0,1,1,10,5,5,5,all_required_models,10,10,5000,8.002107717881012,7.61731078436654,8.414146003803543,50,1,,defined,available participants within each dataset; model_availability_policy explicitly recorded; available repeated-seed values averaged within model,,all_reported_expanded_secondary_contrasts_including_supplementary_scopes,270,270
expanded_secondary,dataset,uci_har,all,aps_a0.1_singleton_error,aps_a0.1_singleton_error,descriptive,30,30,0,1,1,10,5,5,5,all_required_models,4,10,5000,0.03374952120065351,0.021888677372882057,0.04724518158609573,30,1,,defined,available participants within each dataset; model_availability_policy explicitly recorded; available repeated-seed values averaged within model,,all_reported_expanded_secondary_contrasts_including_supplementary_scopes,270,270
expanded_secondary,dataset,wisdm_watch_accel,all,aps_a0.1_singleton_error,aps_a0.1_singleton_error,descriptive,50,48,2,1,1,10,5,2,5,all_required_models,0,10,5000,0.07270558731400617,0.04716714176843069,0.10618551815291588,48,1,,defined,available participants within each dataset; model_availability_policy explicitly recorded; available repeated-seed values averaged within model,,all_reported_expanded_secondary_contrasts_including_supplementary_scopes,270,270
expanded_secondary,dataset,uci_har,all,aps_a0.2_coverage_gap,aps_a0.2_coverage_gap,contrast,30,30,0,1,1,10,5,5,5,all_required_models,10,10,5000,0.0006322689099306461,-0.019347259879169076,0.020946273161600068,30,1,0.9540091981603679,defined,available participants within each dataset; model_availability_policy explicitly recorded; available repeated-seed values averaged within model,1.0,all_reported_expanded_secondary_contrasts_including_supplementary_scopes,270,270
expanded_secondary,dataset,wisdm_watch_accel,all,aps_a0.2_coverage_gap,aps_a0.2_coverage_gap,contrast,50,50,0,1,1,10,5,5,5,all_required_models,10,10,5000,0.01540750816169395,-0.0038732553277814117,0.03301867366297714,50,1,0.10797840431913618,defined,available participants within each dataset; model_availability_policy explicitly recorded; available repeated-seed values averaged within model,1.0,all_reported_expanded_secondary_contrasts_including_supplementary_scopes,270,270
expanded_secondary,dataset,uci_har,all,aps_a0.2_mean_size,aps_a0.2_mean_size,descriptive,30,30,0,1,1,10,5,5,5,all_required_models,10,10,5000,1.6892305194629436,1.590646597495059,1.792568672805864,30,1,,defined,available participants within each dataset; model_availability_policy explicitly recorded; available repeated-seed values averaged within model,,all_reported_expanded_secondary_contrasts_including_supplementary_scopes,270,270
expanded_secondary,dataset,wisdm_watch_accel,all,aps_a0.2_mean_size,aps_a0.2_mean_size,descriptive,50,50,0,1,1,10,5,5,5,all_required_models,10,10,5000,5.423471486443788,5.093727310949873,5.781494759258281,50,1,,defined,available participants within each dataset; model_availability_policy explicitly recorded; available repeated-seed values averaged within model,,all_reported_expanded_secondary_contrasts_including_supplementary_scopes,270,270
expanded_secondary,dataset,uci_har,all,aps_a0.2_singleton_error,aps_a0.2_singleton_error,descriptive,30,30,0,1,1,10,5,5,5,all_required_models,9,10,5000,0.043643374849604594,0.028321699738950434,0.06197211692195706,30,1,,defined,available participants within each dataset; model_availability_policy explicitly recorded; available repeated-seed values averaged within model,,all_reported_expanded_secondary_contrasts_including_supplementary_scopes,270,270
expanded_secondary,dataset,wisdm_watch_accel,all,aps_a0.2_singleton_error,aps_a0.2_singleton_error,descriptive,50,49,1,1,1,10,5,4,5,all_required_models,0,10,5000,0.12800780045699303,0.09721912436801186,0.16477375768825553,49,1,,defined,available participants within each dataset; model_availability_policy explicitly recorded; available repeated-seed values averaged within model,,all_reported_expanded_secondary_contrasts_including_supplementary_scopes,270,270
expanded_secondary,dataset,uci_har,all,calibration_iso_brier,calibration_iso_brier,contrast,30,30,0,1,1,10,5,5,5,all_required_models,10,10,5000,-0.006902914620248115,-0.013761650720750624,-2.549277470430731e-06,30,1,0.06678664267146571,defined,available participants within each dataset; model_availability_policy explicitly recorded; available repeated-seed values averaged within model,1.0,all_reported_expanded_secondary_contrasts_including_supplementary_scopes,270,270
expanded_secondary,dataset,wisdm_watch_accel,all,calibration_iso_brier,calibration_iso_brier,contrast,50,50,0,1,1,10,5,5,5,all_required_models,10,10,5000,-0.013628722152297188,-0.023912684200515667,-0.004987920613796793,50,1,0.0027994401119776045,defined,available participants within each dataset; model_availability_policy explicitly recorded; available repeated-seed values averaged within model,0.2911417716456709,all_reported_expanded_secondary_contrasts_including_supplementary_scopes,270,270
expanded_secondary,dataset,uci_har,all,calibration_iso_ece_15,calibration_iso_ece_15,contrast,30,30,0,1,1,10,5,5,5,all_required_models,10,10,5000,-0.027112196489215645,-0.03512130808405019,-0.01826107411406692,30,1,0.0001999600079984003,defined,available participants within each dataset; model_availability_policy explicitly recorded; available repeated-seed values averaged within model,0.05398920215956808,all_reported_expanded_secondary_contrasts_including_supplementary_scopes,270,270
expanded_secondary,dataset,wisdm_watch_accel,all,calibration_iso_ece_15,calibration_iso_ece_15,contrast,50,50,0,1,1,10,5,5,5,all_required_models,10,10,5000,-0.020379063612859107,-0.030741817158868413,-0.011117839047852572,50,1,0.0001999600079984003,defined,available participants within each dataset; model_availability_policy explicitly recorded; available repeated-seed values averaged within model,0.05398920215956808,all_reported_expanded_secondary_contrasts_including_supplementary_scopes,270,270
expanded_secondary,dataset,uci_har,all,calibration_iso_macro_f1,calibration_iso_macro_f1,contrast,30,30,0,1,1,10,5,5,5,all_required_models,10,10,5000,-0.00364477852125054,-0.009235280044438575,0.001880694219266527,30,1,0.20775844831033793,defined,available participants within each dataset; model_availability_policy explicitly recorded; available repeated-seed values averaged within model,1.0,all_reported_expanded_secondary_contrasts_including_supplementary_scopes,270,270
expanded_secondary,dataset,wisdm_watch_accel,all,calibration_iso_macro_f1,calibration_iso_macro_f1,contrast,50,50,0,1,1,10,5,5,5,all_required_models,10,10,5000,-0.004743316922698178,-0.007295493136717059,-0.002219110500594438,50,1,0.0009998000399920016,defined,available participants within each dataset; model_availability_policy explicitly recorded; available repeated-seed values averaged within model,0.10897820435912817,all_reported_expanded_secondary_contrasts_including_supplementary_scopes,270,270
expanded_secondary,dataset,uci_har,all,calibration_temp_brier,calibration_temp_brier,contrast,30,30,0,1,1,10,5,5,5,all_required_models,10,10,5000,-0.013664661558382692,-0.017399848443802723,-0.009661722843417254,30,1,0.0001999600079984003,defined,available participants within each dataset; model_availability_policy explicitly recorded; available repeated-seed values averaged within model,0.05398920215956808,all_reported_expanded_secondary_contrasts_including_supplementary_scopes,270,270
expanded_secondary,dataset,wisdm_watch_accel,all,calibration_temp_brier,calibration_temp_brier,contrast,50,50,0,1,1,10,5,5,5,all_required_models,10,10,5000,0.03559645875046631,0.01145497378191388,0.05770360395318731,50,1,0.00599880023995201,defined,available participants within each dataset; model_availability_policy explicitly recorded; available repeated-seed values averaged within model,0.599880023995201,all_reported_expanded_secondary_contrasts_including_supplementary_scopes,270,270
expanded_secondary,dataset,uci_har,all,calibration_temp_ece_15,calibration_temp_ece_15,contrast,30,30,0,1,1,10,5,5,5,all_required_models,10,10,5000,-0.02888677665380499,-0.03673610664133377,-0.020252826842999148,30,1,0.0001999600079984003,defined,available participants within each dataset; model_availability_policy explicitly recorded; available repeated-seed values averaged within model,0.05398920215956808,all_reported_expanded_secondary_contrasts_including_supplementary_scopes,270,270
expanded_secondary,dataset,wisdm_watch_accel,all,calibration_temp_ece_15,calibration_temp_ece_15,contrast,50,50,0,1,1,10,5,5,5,all_required_models,10,10,5000,0.04928117951315089,0.01936565683737266,0.07786602418586792,50,1,0.002599480103979204,defined,available participants within each dataset; model_availability_policy explicitly recorded; available repeated-seed values averaged within model,0.27294541091781643,all_reported_expanded_secondary_contrasts_including_supplementary_scopes,270,270
expanded_secondary,dataset,uci_har,all,calibration_temp_macro_f1,calibration_temp_macro_f1,contrast,30,30,0,1,1,10,5,5,5,all_required_models,10,10,5000,0.0,0.0,0.0,30,1,1.0,defined,available participants within each dataset; model_availability_policy explicitly recorded; available repeated-seed values averaged within model,1.0,all_reported_expanded_secondary_contrasts_including_supplementary_scopes,270,270
expanded_secondary,dataset,wisdm_watch_accel,all,calibration_temp_macro_f1,calibration_temp_macro_f1,contrast,50,50,0,1,1,10,5,5,5,all_required_models,10,10,5000,0.0,0.0,0.0,50,1,1.0,defined,available participants within each dataset; model_availability_policy explicitly recorded; available repeated-seed values averaged within model,1.0,all_reported_expanded_secondary_contrasts_including_supplementary_scopes,270,270
temporal_overlap_supplement,dataset,uci_har,all,leakage_reduced_protocol_brier,leakage_reduced_protocol_brier,contrast,30,30,0,1,1,1,5,5,5,all_required_models,1,1,5000,0.037080763884019895,0.024131984919490028,0.05258881396145204,30,1,0.0001999600079984003,defined,available participants within each dataset; model_availability_policy explicitly recorded; available repeated-seed values averaged within model,0.009598080383923215,all_temporal_overlap_supplement_contrasts,48,48
temporal_overlap_supplement,dataset,uci_har,all,leakage_reduced_protocol_ece_15,leakage_reduced_protocol_ece_15,contrast,30,30,0,1,1,1,5,5,5,all_required_models,1,1,5000,0.014208171911833068,0.009550139098664695,0.02025008424829281,30,1,0.0001999600079984003,defined,available participants within each dataset; model_availability_policy explicitly recorded; available repeated-seed values averaged within model,0.009598080383923215,all_temporal_overlap_supplement_contrasts,48,48
temporal_overlap_supplement,dataset,uci_har,all,leakage_reduced_protocol_macro_f1,leakage_reduced_protocol_macro_f1,contrast,30,30,0,1,1,1,5,5,5,all_required_models,1,1,5000,-0.024230135125722904,-0.033828229661202254,-0.015695549087489397,30,1,0.0001999600079984003,defined,available participants within each dataset; model_availability_policy explicitly recorded; available repeated-seed values averaged within model,0.009598080383923215,all_temporal_overlap_supplement_contrasts,48,48
temporal_overlap_supplement,dataset,uci_har,all,leakage_reduced_protocol_nll,leakage_reduced_protocol_nll,contrast,30,30,0,1,1,1,5,5,5,all_required_models,1,1,5000,0.08362849682125387,0.04733463027282968,0.13082685523623397,30,1,0.0001999600079984003,defined,available participants within each dataset; model_availability_policy explicitly recorded; available repeated-seed values averaged within model,0.009598080383923215,all_temporal_overlap_supplement_contrasts,48,48
expanded_secondary,dataset,uci_har,all,protocol_brier,protocol_brier,contrast,30,30,0,1,1,10,5,5,5,all_required_models,10,10,5000,0.07734110641194157,0.05418930508762839,0.10511003394396098,30,1,0.0001999600079984003,defined,available participants within each dataset; model_availability_policy explicitly recorded; available repeated-seed values averaged within model,0.05398920215956808,all_reported_expanded_secondary_contrasts_including_supplementary_scopes,270,270
expanded_secondary,dataset,wisdm_watch_accel,all,protocol_brier,protocol_brier,contrast,50,50,0,1,1,10,5,5,5,all_required_models,10,10,5000,0.2370477437660875,0.1850203957056116,0.2997629029907104,50,1,0.0001999600079984003,defined,available participants within each dataset; model_availability_policy explicitly recorded; available repeated-seed values averaged within model,0.05398920215956808,all_reported_expanded_secondary_contrasts_including_supplementary_scopes,270,270
expanded_secondary,dataset,uci_har,all,protocol_ece_15,protocol_ece_15,contrast,30,30,0,1,1,10,5,5,5,all_required_models,10,10,5000,0.032570666430112624,0.025085117749598023,0.04152783578375856,30,1,0.0001999600079984003,defined,available participants within each dataset; model_availability_policy explicitly recorded; available repeated-seed values averaged within model,0.05398920215956808,all_reported_expanded_secondary_contrasts_including_supplementary_scopes,270,270
expanded_secondary,dataset,wisdm_watch_accel,all,protocol_ece_15,protocol_ece_15,contrast,50,50,0,1,1,10,5,5,5,all_required_models,10,10,5000,0.05220256717195377,0.03317397762092546,0.07612870478316722,50,1,0.0001999600079984003,defined,available participants within each dataset; model_availability_policy explicitly recorded; available repeated-seed values averaged within model,0.05398920215956808,all_reported_expanded_secondary_contrasts_including_supplementary_scopes,270,270
expanded_secondary,dataset,uci_har,all,protocol_macro_f1,protocol_macro_f1,contrast,30,30,0,1,1,10,5,5,5,all_required_models,10,10,5000,-0.054001260903790094,-0.07554211318286126,-0.03587041464815557,30,1,0.0001999600079984003,defined,available participants within each dataset; model_availability_policy explicitly recorded; available repeated-seed values averaged within model,0.05398920215956808,all_reported_expanded_secondary_contrasts_including_supplementary_scopes,270,270
expanded_secondary,dataset,wisdm_watch_accel,all,protocol_macro_f1,protocol_macro_f1,contrast,50,50,0,1,1,10,5,5,5,all_required_models,10,10,5000,-0.1999834645888505,-0.24699783919323703,-0.15988160170332708,50,1,0.0001999600079984003,defined,available participants within each dataset; model_availability_policy explicitly recorded; available repeated-seed values averaged within model,0.05398920215956808,all_reported_expanded_secondary_contrasts_including_supplementary_scopes,270,270
expanded_secondary,dataset,uci_har,all,protocol_nll,protocol_nll,contrast,30,30,0,1,1,10,5,5,5,all_required_models,10,10,5000,0.18698809814598008,0.11676506532736389,0.2809222858251615,30,1,0.0001999600079984003,defined,available participants within each dataset; model_availability_policy explicitly recorded; available repeated-seed values averaged within model,0.05398920215956808,all_reported_expanded_secondary_contrasts_including_supplementary_scopes,270,270
expanded_secondary,dataset,wisdm_watch_accel,all,protocol_nll,protocol_nll,contrast,50,50,0,1,1,10,5,5,5,all_required_models,10,10,5000,0.904857818649327,0.6003945224447942,1.282275420317776,50,1,0.0001999600079984003,defined,available participants within each dataset; model_availability_policy explicitly recorded; available repeated-seed values averaged within model,0.05398920215956808,all_reported_expanded_secondary_contrasts_including_supplementary_scopes,270,270
expanded_secondary,dataset,uci_har,all,selective80_iso,selective80_iso,contrast,30,30,0,1,1,10,5,5,5,all_required_models,10,10,5000,-0.043155324988407455,-0.05242894433234633,-0.03433962083800694,30,1,0.0001999600079984003,defined,available participants within each dataset; model_availability_policy explicitly recorded; available repeated-seed values averaged within model,0.05398920215956808,all_reported_expanded_secondary_contrasts_including_supplementary_scopes,270,270
expanded_secondary,dataset,wisdm_watch_accel,all,selective80_iso,selective80_iso,contrast,50,50,0,1,1,10,5,5,5,all_required_models,10,10,5000,-0.06303655813219063,-0.0704374148777393,-0.055499562966766315,50,1,0.0001999600079984003,defined,available participants within each dataset; model_availability_policy explicitly recorded; available repeated-seed values averaged within model,0.05398920215956808,all_reported_expanded_secondary_contrasts_including_supplementary_scopes,270,270
expanded_secondary,dataset,uci_har,all,selective80_raw,selective80_raw,contrast,30,30,0,1,1,10,5,5,5,all_required_models,10,10,5000,-0.044139813855135386,-0.05539779977461204,-0.033586535681730714,30,1,0.0001999600079984003,defined,available participants within each dataset; model_availability_policy explicitly recorded; available repeated-seed values averaged within model,0.05398920215956808,all_reported_expanded_secondary_contrasts_including_supplementary_scopes,270,270
expanded_secondary,dataset,wisdm_watch_accel,all,selective80_raw,selective80_raw,contrast,50,50,0,1,1,10,5,5,5,all_required_models,10,10,5000,-0.06876519947216087,-0.07643340858068266,-0.061122684303628154,50,1,0.0001999600079984003,defined,available participants within each dataset; model_availability_policy explicitly recorded; available repeated-seed values averaged within model,0.05398920215956808,all_reported_expanded_secondary_contrasts_including_supplementary_scopes,270,270
expanded_secondary,dataset,uci_har,all,selective80_temp,selective80_temp,contrast,30,30,0,1,1,10,5,5,5,all_required_models,10,10,5000,-0.044743810271921966,-0.0561386485987265,-0.03392338097982851,30,1,0.0001999600079984003,defined,available participants within each dataset; model_availability_policy explicitly recorded; available repeated-seed values averaged within model,0.05398920215956808,all_reported_expanded_secondary_contrasts_including_supplementary_scopes,270,270
expanded_secondary,dataset,wisdm_watch_accel,all,selective80_temp,selective80_temp,contrast,50,50,0,1,1,10,5,5,5,all_required_models,10,10,5000,-0.06738185505795444,-0.0758764069389538,-0.05895440591527953,50,1,0.0001999600079984003,defined,available participants within each dataset; model_availability_policy explicitly recorded; available repeated-seed values averaged within model,0.05398920215956808,all_reported_expanded_secondary_contrasts_including_supplementary_scopes,270,270
