effect,n_seeds_planned,n_seeds_available,mean,sd,median,q25,q75,iqr,q025,q975,positive_fraction,negative_fraction,zero_fraction,direction_consistency,interpretation
aps_a0.1_coverage_gap,10,10,0.004892734107664419,0.0014587355043752625,0.004733832457032168,0.0042511080681545315,0.005832292213580632,0.0015811841454261002,0.0023526234946076047,0.0068474010030054235,1.0,0.0,0.0,1.0,descriptive split-seed sensitivity; seeds are not independent participants
aps_a0.1_mean_size,10,10,5.065283797581538,0.09454310101811512,5.072720608379203,4.995780521895884,5.1146766081182236,0.11889608622233983,4.933765627677817,5.221889051242112,1.0,0.0,0.0,1.0,descriptive split-seed sensitivity; seeds are not independent participants
aps_a0.1_singleton_error,10,10,0.04586625541751801,0.005643628438700212,0.044420559006459984,0.04206599924404114,0.050540389421695,0.008474390177653862,0.03785009142091283,0.05364305498933456,1.0,0.0,0.0,1.0,descriptive split-seed sensitivity; seeds are not independent participants
aps_a0.2_coverage_gap,10,10,0.008019888535812297,0.0015581822561106535,0.008129315426766695,0.006493896801828513,0.009228394700508572,0.002734497898680059,0.006175672464087122,0.010304112769871462,1.0,0.0,0.0,1.0,descriptive split-seed sensitivity; seeds are not independent participants
aps_a0.2_mean_size,10,10,3.556351002953366,0.03355170172525896,3.5645142828673357,3.54093603728157,3.5701870039671215,0.029250966685551383,3.5021418252264707,3.60767079501849,1.0,0.0,0.0,1.0,descriptive split-seed sensitivity; seeds are not independent participants
aps_a0.2_singleton_error,10,10,0.08316133045900645,0.0039826599334400895,0.08300647610049303,0.0807760149913171,0.08431644702133717,0.003540432030020066,0.07851411732287325,0.09080900762349568,1.0,0.0,0.0,1.0,descriptive split-seed sensitivity; seeds are not independent participants
calibration_iso_brier,10,10,-0.010265818386272652,0.0012899648296092283,-0.009816651632189694,-0.0112907036835228,-0.009147507652263468,0.002143196031259332,-0.012231432315414317,-0.008962198317283744,0.0,1.0,0.0,1.0,descriptive split-seed sensitivity; seeds are not independent participants
calibration_iso_ece_15,10,10,-0.02374563005103738,0.0010081662930311402,-0.023491186414124857,-0.02408874578343389,-0.02314521060430259,0.0009435351791312989,-0.02559197025073949,-0.022573722623973794,0.0,1.0,0.0,1.0,descriptive split-seed sensitivity; seeds are not independent participants
calibration_iso_macro_f1,10,10,-0.004194047721974359,0.0013239245521536513,-0.004229928997827585,-0.0049390233530197825,-0.003738116281805699,0.0012009070712140834,-0.005847582143970986,-0.001767001521725124,0.0,1.0,0.0,1.0,descriptive split-seed sensitivity; seeds are not independent participants
calibration_temp_brier,10,10,0.010965898596041808,0.0019096627967132636,0.010428218135197814,0.009899932930052827,0.0123028854663075,0.002402952536254674,0.008518821109521952,0.014120955812585427,1.0,0.0,0.0,1.0,descriptive split-seed sensitivity; seeds are not independent participants
calibration_temp_ece_15,10,10,0.01019720142967295,0.0031580776204223225,0.010467214714030126,0.008390444009376372,0.012808023784346631,0.0044175797749702594,0.0053690285832752776,0.013802685885556719,1.0,0.0,0.0,1.0,descriptive split-seed sensitivity; seeds are not independent participants
calibration_temp_macro_f1,10,10,0.0,0.0,0.0,0.0,0.0,0.0,0.0,0.0,0.0,0.0,1.0,1.0,descriptive split-seed sensitivity; seeds are not independent participants
leakage_reduced_protocol_brier,1,1,0.037080763884019895,,0.037080763884019895,0.037080763884019895,0.037080763884019895,0.0,0.037080763884019895,0.037080763884019895,1.0,0.0,0.0,1.0,descriptive split-seed sensitivity; seeds are not independent participants
leakage_reduced_protocol_ece_15,1,1,0.014208171911833068,,0.014208171911833068,0.014208171911833068,0.014208171911833068,0.0,0.014208171911833068,0.014208171911833068,1.0,0.0,0.0,1.0,descriptive split-seed sensitivity; seeds are not independent participants
leakage_reduced_protocol_macro_f1,1,1,-0.024230135125722904,,-0.024230135125722904,-0.024230135125722904,-0.024230135125722904,0.0,-0.024230135125722904,-0.024230135125722904,0.0,1.0,0.0,1.0,descriptive split-seed sensitivity; seeds are not independent participants
leakage_reduced_protocol_nll,1,1,0.08362849682125387,,0.08362849682125387,0.08362849682125387,0.08362849682125387,0.0,0.08362849682125387,0.08362849682125387,1.0,0.0,0.0,1.0,descriptive split-seed sensitivity; seeds are not independent participants
protocol_brier,10,10,0.15719442508901454,0.004480925142524662,0.15697907972088881,0.15648641697436394,0.16042750696466018,0.003941089990296243,0.1494679843873378,0.1628412707165995,1.0,0.0,0.0,1.0,descriptive split-seed sensitivity; seeds are not independent participants
protocol_ece_15,10,10,0.0423866168010332,0.001530526783005662,0.04221321184470793,0.04136149126210256,0.04353869147989982,0.0021772002177972566,0.040241650107419924,0.04469500551953144,1.0,0.0,0.0,1.0,descriptive split-seed sensitivity; seeds are not independent participants
protocol_macro_f1,10,10,-0.12699236274632028,0.004018732867169982,-0.12784230453739692,-0.1293180678517182,-0.12418283265771508,0.005135235194003121,-0.1331095818377514,-0.12086632083790869,0.0,1.0,0.0,1.0,descriptive split-seed sensitivity; seeds are not independent participants
protocol_nll,10,10,0.5459229583976535,0.031064241917067054,0.5471220440771007,0.5215438829942864,0.5671971832868189,0.04565330029253245,0.5039929209711413,0.5925513139751983,1.0,0.0,0.0,1.0,descriptive split-seed sensitivity; seeds are not independent participants
selective80_iso,10,10,-0.053095941560299044,0.0015697426416358773,-0.052955692011823596,-0.054365412761432017,-0.05202418775018743,0.002341225011244584,-0.055375706237997924,-0.050876624493099355,0.0,1.0,0.0,1.0,descriptive split-seed sensitivity; seeds are not independent participants
selective80_raw,10,10,-0.056452506663648115,0.0016268625426178313,-0.05616270197437201,-0.05790932176408432,-0.055486450678899756,0.002422871085184568,-0.05846834321508747,-0.0540058091839249,0.0,1.0,0.0,1.0,descriptive split-seed sensitivity; seeds are not independent participants
selective80_temp,10,10,-0.05606283266493821,0.0014747425814562295,-0.05592785692783013,-0.057584005474109745,-0.0546449186310109,0.002939086843098848,-0.05762653753009928,-0.05430708193838709,0.0,1.0,0.0,1.0,descriptive split-seed sensitivity; seeds are not independent participants
