dataset,model,protocol,method,target_coverage,coverage,selective_error,full_error,n_subjects_total,n_subjects_available_coverage,n_subjects_available_selective_error,n_subjects_available_full_error
uci_har,cnn1d,leakage_reduced_mixed,iso,0.5,0.6803746244644969,0.018448758856819868,0.07057730817794122,30,30,30,30
uci_har,cnn1d,leakage_reduced_mixed,iso,0.6,0.7176194583829549,0.018784483910583613,0.07057730817794122,30,30,30,30
uci_har,cnn1d,leakage_reduced_mixed,iso,0.7,0.7612331317086479,0.025728083300330183,0.07057730817794122,30,30,30,30
uci_har,cnn1d,leakage_reduced_mixed,iso,0.8,0.844066451640298,0.026918636343682613,0.07057730817794122,30,30,30,30
uci_har,cnn1d,leakage_reduced_mixed,iso,0.9,0.8936952492419248,0.034373314971408914,0.07057730817794122,30,30,30,30
uci_har,cnn1d,leakage_reduced_mixed,iso,1.0,0.9984361663436181,0.06979741427992013,0.07057730817794122,30,30,30,30
uci_har,cnn1d,leakage_reduced_mixed,raw,0.5,0.5087602084645846,0.002134591078420192,0.06864801916433866,30,30,30,30
uci_har,cnn1d,leakage_reduced_mixed,raw,0.6,0.6059344045565501,0.007885935059848104,0.06864801916433866,30,30,30,30
uci_har,cnn1d,leakage_reduced_mixed,raw,0.7,0.7009160182235976,0.007708254954937655,0.06864801916433866,30,30,30,30
uci_har,cnn1d,leakage_reduced_mixed,raw,0.8,0.7839920470780395,0.01951451663488576,0.06864801916433866,30,30,30,30
uci_har,cnn1d,leakage_reduced_mixed,raw,0.9,0.8916099592112499,0.029779520446017383,0.06864801916433866,30,30,30,30
uci_har,cnn1d,leakage_reduced_mixed,raw,1.0,0.9995940966767773,0.06863633518732513,0.06864801916433866,30,30,30,30
uci_har,cnn1d,leakage_reduced_mixed,temp,0.5,0.5089447316377769,0.0016352475465952654,0.06864801916433866,30,30,30,30
uci_har,cnn1d,leakage_reduced_mixed,temp,0.6,0.6037192301428504,0.00763978263978264,0.06864801916433866,30,30,30,30
uci_har,cnn1d,leakage_reduced_mixed,temp,0.7,0.6992463464894165,0.007807167003524815,0.06864801916433866,30,30,30,30
uci_har,cnn1d,leakage_reduced_mixed,temp,0.8,0.7835106688625214,0.019394850963244482,0.06864801916433866,30,30,30,30
uci_har,cnn1d,leakage_reduced_mixed,temp,0.9,0.8917029384398852,0.030011620621351424,0.06864801916433866,30,30,30,30
uci_har,cnn1d,leakage_reduced_mixed,temp,1.0,0.9994759938801031,0.06852222075245253,0.06864801916433866,30,30,30,30
uci_har,cnn1d,sample_mixed,iso,0.5,0.7639408372717672,0.0015012884335416062,0.031896033370292766,30,30,30,30
uci_har,cnn1d,sample_mixed,iso,0.6,0.7668326447635265,0.001492128466456257,0.031896033370292766,30,30,30,30
uci_har,cnn1d,sample_mixed,iso,0.7,0.7735661680529257,0.001553630035414563,0.031896033370292766,30,30,30,30
uci_har,cnn1d,sample_mixed,iso,0.8,0.8253198289141708,0.0028667068063054587,0.031896033370292766,30,30,30,30
uci_har,cnn1d,sample_mixed,iso,0.9,0.9141966029794253,0.008865652199620083,0.031896033370292766,30,30,30,30
uci_har,cnn1d,sample_mixed,iso,1.0,0.999714784390663,0.03172601505047013,0.031896033370292766,30,30,30,30
uci_har,cnn1d,sample_mixed,raw,0.5,0.4985199018048961,5.3411880216003926e-05,0.03203158682118261,30,30,30,30
uci_har,cnn1d,sample_mixed,raw,0.6,0.6001909581683477,7.67488456549816e-05,0.03203158682118261,30,30,30,30
uci_har,cnn1d,sample_mixed,raw,0.7,0.6997140404708845,0.0002024944014650301,0.03203158682118261,30,30,30,30
uci_har,cnn1d,sample_mixed,raw,0.8,0.7995985827087803,0.0014933729220047954,0.03203158682118261,30,30,30,30
uci_har,cnn1d,sample_mixed,raw,0.9,0.898384952751621,0.007514235195734783,0.03203158682118261,30,30,30,30
uci_har,cnn1d,sample_mixed,raw,1.0,0.9994707437744536,0.03169340496801128,0.03203158682118261,30,30,30,30
uci_har,cnn1d,sample_mixed,temp,0.5,0.4984252478185882,5.3303655107778816e-05,0.03203158682118261,30,30,30,30
uci_har,cnn1d,sample_mixed,temp,0.6,0.6001410505319184,7.692464819357028e-05,0.03203158682118261,30,30,30,30
uci_har,cnn1d,sample_mixed,temp,0.7,0.6997870497715333,0.00020256821963611109,0.03203158682118261,30,30,30,30
uci_har,cnn1d,sample_mixed,temp,0.8,0.799642698610636,0.001495870217436788,0.03203158682118261,30,30,30,30
uci_har,cnn1d,sample_mixed,temp,0.9,0.8984412276591021,0.007539698797540507,0.03203158682118261,30,30,30,30
uci_har,cnn1d,sample_mixed,temp,1.0,0.999487620229915,0.031710839496887765,0.03203158682118261,30,30,30,30
uci_har,cnn1d,subject_disjoint,iso,0.5,0.7040827248979785,0.03799332814036221,0.08889197167265975,30,30,30,30
uci_har,cnn1d,subject_disjoint,iso,0.6,0.7479010923544923,0.03848894290401086,0.08889197167265975,30,30,30,30
uci_har,cnn1d,subject_disjoint,iso,0.7,0.8021027162597181,0.040211612447855025,0.08889197167265975,30,30,30,30
uci_har,cnn1d,subject_disjoint,iso,0.8,0.872287827458789,0.04656177648659783,0.08889197167265975,30,30,30,30
uci_har,cnn1d,subject_disjoint,iso,0.9,0.92321432214293,0.06286636896307339,0.08889197167265975,30,30,30,30
uci_har,cnn1d,subject_disjoint,iso,1.0,0.9987765747804266,0.08850575076125883,0.08889197167265975,30,30,30,30
uci_har,cnn1d,subject_disjoint,raw,0.5,0.4956889187287549,0.009089900604457468,0.0841214700939164,30,30,30,30
uci_har,cnn1d,subject_disjoint,raw,0.6,0.5964675597544018,0.01712316496202874,0.0841214700939164,30,30,30,30
uci_har,cnn1d,subject_disjoint,raw,0.7,0.7019504497250958,0.025033853128849884,0.0841214700939164,30,30,30,30
uci_har,cnn1d,subject_disjoint,raw,0.8,0.8042814381104232,0.035243551743677846,0.0841214700939164,30,30,30,30
uci_har,cnn1d,subject_disjoint,raw,0.9,0.900532218661796,0.05537481403004637,0.0841214700939164,30,30,30,30
uci_har,cnn1d,subject_disjoint,raw,1.0,0.9985831633199403,0.08370260648423612,0.0841214700939164,30,30,30,30
uci_har,cnn1d,subject_disjoint,temp,0.5,0.49420520868530143,0.0089596102604774,0.0841214700939164,30,30,30,30
uci_har,cnn1d,subject_disjoint,temp,0.6,0.5940321228595139,0.01679573466056067,0.0841214700939164,30,30,30,30
uci_har,cnn1d,subject_disjoint,temp,0.7,0.7024270014015213,0.024863769341324334,0.0841214700939164,30,30,30,30
uci_har,cnn1d,subject_disjoint,temp,0.8,0.805185403137307,0.03500365727094664,0.0841214700939164,30,30,30,30
uci_har,cnn1d,subject_disjoint,temp,0.9,0.9006658322210844,0.05562227852615742,0.0841214700939164,30,30,30,30
uci_har,cnn1d,subject_disjoint,temp,1.0,0.9985553864769493,0.08361877804275415,0.0841214700939164,30,30,30,30
uci_har,extra_trees,leakage_reduced_mixed,iso,0.5,0.7677628175760023,0.005935255052532528,0.04256595873037688,30,30,30,30
uci_har,extra_trees,leakage_reduced_mixed,iso,0.6,0.7677628175760023,0.005935255052532528,0.04256595873037688,30,30,30,30
uci_har,extra_trees,leakage_reduced_mixed,iso,0.7,0.7768629935127375,0.00589528200560272,0.04256595873037688,30,30,30,30
uci_har,extra_trees,leakage_reduced_mixed,iso,0.8,0.8271311390320705,0.006903523279103388,0.04256595873037688,30,30,30,30
uci_har,extra_trees,leakage_reduced_mixed,iso,0.9,0.8945947690139907,0.014321784716505618,0.04256595873037688,30,30,30,30
uci_har,extra_trees,leakage_reduced_mixed,iso,1.0,0.9990478602380474,0.04229254658381435,0.04256595873037688,30,30,30,30
uci_har,extra_trees,leakage_reduced_mixed,raw,0.5,0.5077533116012544,0.00041890384665266,0.04108026109807033,30,30,30,30
uci_har,extra_trees,leakage_reduced_mixed,raw,0.6,0.6003912283967896,0.0003650793650793651,0.04108026109807033,30,30,30,30
uci_har,extra_trees,leakage_reduced_mixed,raw,0.7,0.7006090983248263,0.001954066662137549,0.04108026109807033,30,30,30,30
uci_har,extra_trees,leakage_reduced_mixed,raw,0.8,0.7932030322572332,0.0036895988998592766,0.04108026109807033,30,30,30,30
uci_har,extra_trees,leakage_reduced_mixed,raw,0.9,0.8998104090302422,0.011777071777059797,0.04108026109807033,30,30,30,30
uci_har,extra_trees,leakage_reduced_mixed,raw,1.0,0.9993494004661152,0.04068817294553324,0.04108026109807033,30,30,30,30
uci_har,extra_trees,leakage_reduced_mixed,temp,0.5,0.5034190675829928,0.0004221263449451369,0.04108026109807033,30,30,30,30
uci_har,extra_trees,leakage_reduced_mixed,temp,0.6,0.5970167691040217,0.0005172989209033263,0.04108026109807033,30,30,30,30
uci_har,extra_trees,leakage_reduced_mixed,temp,0.7,0.6950558482524,0.0012548220975413253,0.04108026109807033,30,30,30,30
uci_har,extra_trees,leakage_reduced_mixed,temp,0.8,0.792815476392045,0.0030686079040160973,0.04108026109807033,30,30,30,30
uci_har,extra_trees,leakage_reduced_mixed,temp,0.9,0.8970607728437802,0.010709370735223033,0.04108026109807033,30,30,30,30
uci_har,extra_trees,leakage_reduced_mixed,temp,1.0,0.9996769434269434,0.04100581954635606,0.04108026109807033,30,30,30,30
uci_har,extra_trees,sample_mixed,iso,0.5,0.8807363132938814,0.0025790474785976412,0.01807706960372742,30,30,30,30
uci_har,extra_trees,sample_mixed,iso,0.6,0.8807363132938814,0.0025790474785976412,0.01807706960372742,30,30,30,30
uci_har,extra_trees,sample_mixed,iso,0.7,0.8807363132938814,0.0025790474785976412,0.01807706960372742,30,30,30,30
uci_har,extra_trees,sample_mixed,iso,0.8,0.8815178183667435,0.0025754862220523974,0.01807706960372742,30,30,30,30
uci_har,extra_trees,sample_mixed,iso,0.9,0.9139720875008693,0.0029858854342172734,0.01807706960372742,30,30,30,30
uci_har,extra_trees,sample_mixed,iso,1.0,0.9994566557173488,0.01778965449270544,0.01807706960372742,30,30,30,30
uci_har,extra_trees,sample_mixed,raw,0.5,0.5015103574562636,0.0,0.01822523607561348,30,30,30,30
uci_har,extra_trees,sample_mixed,raw,0.6,0.6021097750582517,1.86219739292365e-05,0.01822523607561348,30,30,30,30
uci_har,extra_trees,sample_mixed,raw,0.7,0.6999300047500623,6.465973940141125e-05,0.01822523607561348,30,30,30,30
uci_har,extra_trees,sample_mixed,raw,0.8,0.7999804921796763,0.00027651727174476243,0.01822523607561348,30,30,30,30
uci_har,extra_trees,sample_mixed,raw,0.9,0.8988945428358383,0.001614141662386076,0.01822523607561348,30,30,30,30
uci_har,extra_trees,sample_mixed,raw,1.0,0.9995665031747046,0.01802718292194726,0.01822523607561348,30,30,30,30
uci_har,extra_trees,sample_mixed,temp,0.5,0.4972427173151227,0.0,0.01822523607561348,30,30,30,30
uci_har,extra_trees,sample_mixed,temp,0.6,0.5972729916073688,0.0,0.01822523607561348,30,30,30,30
uci_har,extra_trees,sample_mixed,temp,0.7,0.697960451704161,4.975371909050201e-05,0.01822523607561348,30,30,30,30
uci_har,extra_trees,sample_mixed,temp,0.8,0.7976615646772046,0.0002028841045899648,0.01822523607561348,30,30,30,30
uci_har,extra_trees,sample_mixed,temp,0.9,0.8980952200358842,0.0015797589262293878,0.01822523607561348,30,30,30,30
uci_har,extra_trees,sample_mixed,temp,1.0,0.9995104169606324,0.018033837659005222,0.01822523607561348,30,30,30,30
uci_har,extra_trees,subject_disjoint,iso,0.5,0.6503549240294741,0.012587264599635625,0.062093555799410935,30,30,30,30
uci_har,extra_trees,subject_disjoint,iso,0.6,0.657242439080296,0.01279325288758087,0.062093555799410935,30,30,30,30
uci_har,extra_trees,subject_disjoint,iso,0.7,0.7092708720723634,0.013662816309085684,0.062093555799410935,30,30,30,30
uci_har,extra_trees,subject_disjoint,iso,0.8,0.8012056806829513,0.020180409828804237,0.062093555799410935,30,30,30,30
uci_har,extra_trees,subject_disjoint,iso,0.9,0.9025256850298252,0.03387650169778448,0.062093555799410935,30,30,30,30
uci_har,extra_trees,subject_disjoint,iso,1.0,0.9989338738754596,0.061640530164432696,0.062093555799410935,30,30,30,30
uci_har,extra_trees,subject_disjoint,raw,0.5,0.4934074435738946,0.003749403146715707,0.06202110389282459,30,30,30,30
uci_har,extra_trees,subject_disjoint,raw,0.6,0.5868577002166009,0.005992314010400782,0.06202110389282459,30,30,30,30
uci_har,extra_trees,subject_disjoint,raw,0.7,0.6859550347832161,0.00943650224770435,0.06202110389282459,30,30,30,30
uci_har,extra_trees,subject_disjoint,raw,0.8,0.790158785131999,0.017249813471461522,0.06202110389282459,30,30,30,30
uci_har,extra_trees,subject_disjoint,raw,0.9,0.897206302523857,0.033446029671164494,0.06202110389282459,30,30,30,30
uci_har,extra_trees,subject_disjoint,raw,1.0,0.9984003595556733,0.06112479741294928,0.06202110389282459,30,30,30,30
uci_har,extra_trees,subject_disjoint,temp,0.5,0.489098527947735,0.004253867738131944,0.06202110389282459,30,30,30,30
uci_har,extra_trees,subject_disjoint,temp,0.6,0.586504640787274,0.005849248080961413,0.06202110389282459,30,30,30,30
uci_har,extra_trees,subject_disjoint,temp,0.7,0.6883834115892898,0.008931981060182193,0.06202110389282459,30,30,30,30
uci_har,extra_trees,subject_disjoint,temp,0.8,0.7923099026098909,0.015490506557309667,0.06202110389282459,30,30,30,30
uci_har,extra_trees,subject_disjoint,temp,0.9,0.8941981305171164,0.02978687223884568,0.06202110389282459,30,30,30,30
uci_har,extra_trees,subject_disjoint,temp,1.0,0.9988020422006522,0.06135664314423584,0.06202110389282459,30,30,30,30
uci_har,hist_gradient_boosting,leakage_reduced_mixed,iso,0.5,0.8191754722721867,0.005277593375641987,0.040001048827445124,30,30,30,30
uci_har,hist_gradient_boosting,leakage_reduced_mixed,iso,0.6,0.8191754722721867,0.005277593375641987,0.040001048827445124,30,30,30,30
uci_har,hist_gradient_boosting,leakage_reduced_mixed,iso,0.7,0.8191754722721867,0.005277593375641987,0.040001048827445124,30,30,30,30
uci_har,hist_gradient_boosting,leakage_reduced_mixed,iso,0.8,0.8281506327990544,0.005626104121935157,0.040001048827445124,30,30,30,30
uci_har,hist_gradient_boosting,leakage_reduced_mixed,iso,0.9,0.9037410900753937,0.009333759450909447,0.040001048827445124,30,30,30,30
uci_har,hist_gradient_boosting,leakage_reduced_mixed,iso,1.0,0.9996870189260164,0.039794616555267844,0.040001048827445124,30,30,30,30
uci_har,hist_gradient_boosting,leakage_reduced_mixed,raw,0.5,0.49303965082084217,0.0,0.0371858158325099,30,30,30,30
uci_har,hist_gradient_boosting,leakage_reduced_mixed,raw,0.6,0.5916963244742204,0.0003606141710100014,0.0371858158325099,30,30,30,30
uci_har,hist_gradient_boosting,leakage_reduced_mixed,raw,0.7,0.7023334334112257,0.0012685416148833096,0.0371858158325099,30,30,30,30
uci_har,hist_gradient_boosting,leakage_reduced_mixed,raw,0.8,0.8024519599500959,0.0036384245155421787,0.0371858158325099,30,30,30,30
uci_har,hist_gradient_boosting,leakage_reduced_mixed,raw,0.9,0.896226712992559,0.01115268124966079,0.0371858158325099,30,30,30,30
uci_har,hist_gradient_boosting,leakage_reduced_mixed,raw,1.0,0.9991698032172386,0.03669085480832482,0.0371858158325099,30,30,30,30
uci_har,hist_gradient_boosting,leakage_reduced_mixed,temp,0.5,0.4943824146644466,0.0,0.0371858158325099,30,30,30,30
uci_har,hist_gradient_boosting,leakage_reduced_mixed,temp,0.6,0.5941001273234038,0.00020964360587002098,0.0371858158325099,30,30,30,30
uci_har,hist_gradient_boosting,leakage_reduced_mixed,temp,0.7,0.7048361943978912,0.0007395029258732901,0.0371858158325099,30,30,30,30
uci_har,hist_gradient_boosting,leakage_reduced_mixed,temp,0.8,0.8017130386388428,0.0036387625390322115,0.0371858158325099,30,30,30,30
uci_har,hist_gradient_boosting,leakage_reduced_mixed,temp,0.9,0.8962949980693028,0.011233096839840117,0.0371858158325099,30,30,30,30
uci_har,hist_gradient_boosting,leakage_reduced_mixed,temp,1.0,0.9996581432425804,0.03697564236989149,0.0371858158325099,30,30,30,30
uci_har,hist_gradient_boosting,sample_mixed,iso,0.5,0.947165399107346,0.0020161226908344773,0.010979695782541562,30,30,30,30
uci_har,hist_gradient_boosting,sample_mixed,iso,0.6,0.947165399107346,0.0020161226908344773,0.010979695782541562,30,30,30,30
uci_har,hist_gradient_boosting,sample_mixed,iso,0.7,0.947165399107346,0.0020161226908344773,0.010979695782541562,30,30,30,30
uci_har,hist_gradient_boosting,sample_mixed,iso,0.8,0.947165399107346,0.0020161226908344773,0.010979695782541562,30,30,30,30
uci_har,hist_gradient_boosting,sample_mixed,iso,0.9,0.9472823149968264,0.00201574820318355,0.010979695782541562,30,30,30,30
uci_har,hist_gradient_boosting,sample_mixed,iso,1.0,0.9994768041808543,0.010700040242697105,0.010979695782541562,30,30,30,30
uci_har,hist_gradient_boosting,sample_mixed,raw,0.5,0.496681372379112,0.0,0.010415084810996185,30,30,30,30
uci_har,hist_gradient_boosting,sample_mixed,raw,0.6,0.5970001716030279,0.0,0.010415084810996185,30,30,30,30
uci_har,hist_gradient_boosting,sample_mixed,raw,0.7,0.6959123471279217,0.0,0.010415084810996185,30,30,30,30
uci_har,hist_gradient_boosting,sample_mixed,raw,0.8,0.7959395023001039,0.0,0.010415084810996185,30,30,30,30
uci_har,hist_gradient_boosting,sample_mixed,raw,0.9,0.8966567367056905,0.00015976758275171147,0.010415084810996185,30,30,30,30
uci_har,hist_gradient_boosting,sample_mixed,raw,1.0,0.9996145036608024,0.010193505565109737,0.010415084810996185,30,30,30,30
uci_har,hist_gradient_boosting,sample_mixed,temp,0.5,0.49721683507478853,0.0,0.010415084810996185,30,30,30,30
uci_har,hist_gradient_boosting,sample_mixed,temp,0.6,0.5967292661630419,0.0,0.010415084810996185,30,30,30,30
uci_har,hist_gradient_boosting,sample_mixed,temp,0.7,0.6956391604928177,0.0,0.010415084810996185,30,30,30,30
uci_har,hist_gradient_boosting,sample_mixed,temp,0.8,0.7954802990925031,0.0,0.010415084810996185,30,30,30,30
uci_har,hist_gradient_boosting,sample_mixed,temp,0.9,0.8968859926784948,0.00019327458798970004,0.010415084810996185,30,30,30,30
uci_har,hist_gradient_boosting,sample_mixed,temp,1.0,0.9995271181976894,0.010176603977001875,0.010415084810996185,30,30,30,30
uci_har,hist_gradient_boosting,subject_disjoint,iso,0.5,0.7068241895041308,0.021433423961391772,0.06637441258080838,30,30,30,30
uci_har,hist_gradient_boosting,subject_disjoint,iso,0.6,0.73562092230023,0.021670914702502153,0.06637441258080838,30,30,30,30
uci_har,hist_gradient_boosting,subject_disjoint,iso,0.7,0.7772058327090835,0.02356844525394535,0.06637441258080838,30,30,30,30
uci_har,hist_gradient_boosting,subject_disjoint,iso,0.8,0.826107587643039,0.02542924873149684,0.06637441258080838,30,30,30,30
uci_har,hist_gradient_boosting,subject_disjoint,iso,0.9,0.8978163272074664,0.036506602758804886,0.06637441258080838,30,30,30,30
uci_har,hist_gradient_boosting,subject_disjoint,iso,1.0,0.9993743565295835,0.06607738547180564,0.06637441258080838,30,30,30,30
uci_har,hist_gradient_boosting,subject_disjoint,raw,0.5,0.48122935081776347,0.0038240281351569,0.06465608106283818,30,30,30,30
uci_har,hist_gradient_boosting,subject_disjoint,raw,0.6,0.5804025929287118,0.007287607151544737,0.06465608106283818,30,30,30,30
uci_har,hist_gradient_boosting,subject_disjoint,raw,0.7,0.6878628961444961,0.013101347597764424,0.06465608106283818,30,30,30,30
uci_har,hist_gradient_boosting,subject_disjoint,raw,0.8,0.7890332090244733,0.020679760611701667,0.06465608106283818,30,30,30,30
uci_har,hist_gradient_boosting,subject_disjoint,raw,0.9,0.8886183729928715,0.03479852390303926,0.06465608106283818,30,30,30,30
uci_har,hist_gradient_boosting,subject_disjoint,raw,1.0,0.9995112008873454,0.0644624091157467,0.06465608106283818,30,30,30,30
uci_har,hist_gradient_boosting,subject_disjoint,temp,0.5,0.48222849576724225,0.0043889820416931295,0.06465608106283818,30,30,30,30
uci_har,hist_gradient_boosting,subject_disjoint,temp,0.6,0.5851896884848901,0.008168888972193217,0.06465608106283818,30,30,30,30
uci_har,hist_gradient_boosting,subject_disjoint,temp,0.7,0.6912502889804557,0.013985118205501407,0.06465608106283818,30,30,30,30
uci_har,hist_gradient_boosting,subject_disjoint,temp,0.8,0.7937539906128109,0.022337535991359833,0.06465608106283818,30,30,30,30
uci_har,hist_gradient_boosting,subject_disjoint,temp,0.9,0.8862428944275479,0.034654530137402155,0.06465608106283818,30,30,30,30
uci_har,hist_gradient_boosting,subject_disjoint,temp,1.0,0.9983518532501879,0.0640620686675046,0.06465608106283818,30,30,30,30
uci_har,logistic,leakage_reduced_mixed,iso,0.5,0.6733513433800006,0.008609253450518505,0.03270332320036855,30,30,30,30
uci_har,logistic,leakage_reduced_mixed,iso,0.6,0.7287078802753776,0.008279456712327092,0.03270332320036855,30,30,30,30
uci_har,logistic,leakage_reduced_mixed,iso,0.7,0.7636581438321818,0.008946878900295075,0.03270332320036855,30,30,30,30
uci_har,logistic,leakage_reduced_mixed,iso,0.8,0.8196400171206893,0.009366167059137067,0.03270332320036855,30,30,30,30
uci_har,logistic,leakage_reduced_mixed,iso,0.9,0.9030560559248979,0.012346307519420984,0.03270332320036855,30,30,30,30
uci_har,logistic,leakage_reduced_mixed,iso,1.0,0.9997079703326783,0.03261281756740852,0.03270332320036855,30,30,30,30
uci_har,logistic,leakage_reduced_mixed,raw,0.5,0.49916101007753244,0.0027240025034192417,0.03210669712846755,30,30,30,30
uci_har,logistic,leakage_reduced_mixed,raw,0.6,0.5961522876797244,0.0028831733850230444,0.03210669712846755,30,30,30,30
uci_har,logistic,leakage_reduced_mixed,raw,0.7,0.691503432408228,0.003010195434762093,0.03210669712846755,30,30,30,30
uci_har,logistic,leakage_reduced_mixed,raw,0.8,0.7898668070343903,0.00446576790238092,0.03210669712846755,30,30,30,30
uci_har,logistic,leakage_reduced_mixed,raw,0.9,0.8917371963730107,0.009305103908198536,0.03210669712846755,30,30,30,30
uci_har,logistic,leakage_reduced_mixed,raw,1.0,0.9997093971502172,0.031917202704972406,0.03210669712846755,30,30,30,30
uci_har,logistic,leakage_reduced_mixed,temp,0.5,0.4997064560531551,0.002507118801694184,0.03210669712846755,30,30,30,30
uci_har,logistic,leakage_reduced_mixed,temp,0.6,0.5976711951570947,0.0029103644767491323,0.03210669712846755,30,30,30,30
uci_har,logistic,leakage_reduced_mixed,temp,0.7,0.6916885534719803,0.0030156619239899434,0.03210669712846755,30,30,30,30
uci_har,logistic,leakage_reduced_mixed,temp,0.8,0.7905920054118533,0.00464055475577577,0.03210669712846755,30,30,30,30
uci_har,logistic,leakage_reduced_mixed,temp,0.9,0.8911378487383902,0.009278084544400862,0.03210669712846755,30,30,30,30
uci_har,logistic,leakage_reduced_mixed,temp,1.0,0.9996178220586421,0.031917963705231145,0.03210669712846755,30,30,30,30
uci_har,logistic,sample_mixed,iso,0.5,0.7409675891435424,0.002379480037473344,0.018325089267490997,30,30,30,30
uci_har,logistic,sample_mixed,iso,0.6,0.7652081691214508,0.002366950624891367,0.018325089267490997,30,30,30,30
uci_har,logistic,sample_mixed,iso,0.7,0.8013347404957685,0.0024388634002983083,0.018325089267490997,30,30,30,30
uci_har,logistic,sample_mixed,iso,0.8,0.8442234360268868,0.0027297802605539697,0.018325089267490997,30,30,30,30
uci_har,logistic,sample_mixed,iso,0.9,0.9133668965817303,0.004084300222001286,0.018325089267490997,30,30,30,30
uci_har,logistic,sample_mixed,iso,1.0,0.9996839007786775,0.01818472125222716,0.018325089267490997,30,30,30,30
uci_har,logistic,sample_mixed,raw,0.5,0.5011360500420542,0.0004924758362871358,0.01783977238077711,30,30,30,30
uci_har,logistic,sample_mixed,raw,0.6,0.6004622782042223,0.0006226141296798423,0.01783977238077711,30,30,30,30
uci_har,logistic,sample_mixed,raw,0.7,0.6999418343558055,0.001013875003195225,0.01783977238077711,30,30,30,30
uci_har,logistic,sample_mixed,raw,0.8,0.7973946483423443,0.0014714817983603645,0.01783977238077711,30,30,30,30
uci_har,logistic,sample_mixed,raw,0.9,0.8987546027464952,0.0029752943763517513,0.01783977238077711,30,30,30,30
uci_har,logistic,sample_mixed,raw,1.0,0.9993516918240296,0.017546027021501705,0.01783977238077711,30,30,30,30
uci_har,logistic,sample_mixed,temp,0.5,0.5015005747935342,0.0004921973988682677,0.01783977238077711,30,30,30,30
uci_har,logistic,sample_mixed,temp,0.6,0.6004914755626446,0.000620764349209412,0.01783977238077711,30,30,30,30
uci_har,logistic,sample_mixed,temp,0.7,0.699688543409356,0.0009993053981254413,0.01783977238077711,30,30,30,30
uci_har,logistic,sample_mixed,temp,0.8,0.7975307951631029,0.0014709079905099005,0.01783977238077711,30,30,30,30
uci_har,logistic,sample_mixed,temp,0.9,0.8987936570340295,0.002964718807428629,0.01783977238077711,30,30,30,30
uci_har,logistic,sample_mixed,temp,1.0,0.9993936329069111,0.01755412081629096,0.01783977238077711,30,30,30,30
uci_har,logistic,subject_disjoint,iso,0.5,0.5991413816539148,0.019928955190603524,0.06025111409155632,30,30,30,30
uci_har,logistic,subject_disjoint,iso,0.6,0.6734258202906585,0.021202854317890305,0.06025111409155632,30,30,30,30
uci_har,logistic,subject_disjoint,iso,0.7,0.7292120301043903,0.022335153574949775,0.06025111409155632,30,30,30,30
uci_har,logistic,subject_disjoint,iso,0.8,0.8178046137553462,0.025070066915780384,0.06025111409155632,30,30,30,30
uci_har,logistic,subject_disjoint,iso,0.9,0.9016020139656852,0.032090797004288005,0.06025111409155632,30,30,30,30
uci_har,logistic,subject_disjoint,iso,1.0,0.999181200901256,0.0596485196387473,0.06025111409155632,30,30,30,30
uci_har,logistic,subject_disjoint,raw,0.5,0.5029149062223409,0.01343139500557936,0.05580357281846939,30,30,30,30
uci_har,logistic,subject_disjoint,raw,0.6,0.6044654731962874,0.015355284712152615,0.05580357281846939,30,30,30,30
uci_har,logistic,subject_disjoint,raw,0.7,0.707769120250932,0.01693302327143587,0.05580357281846939,30,30,30,30
uci_har,logistic,subject_disjoint,raw,0.8,0.8095348240159331,0.02092799039774172,0.05580357281846939,30,30,30,30
uci_har,logistic,subject_disjoint,raw,0.9,0.9045795391222753,0.0293166481755909,0.05580357281846939,30,30,30,30
uci_har,logistic,subject_disjoint,raw,1.0,0.9992045342111041,0.055260013847212276,0.05580357281846939,30,30,30,30
uci_har,logistic,subject_disjoint,temp,0.5,0.5006394410595072,0.013395594524327257,0.05580357281846939,30,30,30,30
uci_har,logistic,subject_disjoint,temp,0.6,0.6068432467437527,0.01507581649281099,0.05580357281846939,30,30,30,30
uci_har,logistic,subject_disjoint,temp,0.7,0.706428542193439,0.016882156754363678,0.05580357281846939,30,30,30,30
uci_har,logistic,subject_disjoint,temp,0.8,0.8055863619686813,0.020622418871009903,0.05580357281846939,30,30,30,30
uci_har,logistic,subject_disjoint,temp,0.9,0.9032177388857385,0.029182407139375803,0.05580357281846939,30,30,30,30
uci_har,logistic,subject_disjoint,temp,1.0,0.9993452988491165,0.05535540789551247,0.05580357281846939,30,30,30,30
uci_har,random_forest,leakage_reduced_mixed,iso,0.5,0.7628839998370643,0.008130802725367547,0.0532814769072411,30,30,30,30
uci_har,random_forest,leakage_reduced_mixed,iso,0.6,0.7628839998370643,0.008130802725367547,0.0532814769072411,30,30,30,30
uci_har,random_forest,leakage_reduced_mixed,iso,0.7,0.7752365258101329,0.007993496761757903,0.0532814769072411,30,30,30,30
uci_har,random_forest,leakage_reduced_mixed,iso,0.8,0.8157400340334079,0.012127244526824373,0.0532814769072411,30,30,30,30
uci_har,random_forest,leakage_reduced_mixed,iso,0.9,0.8932481915264572,0.0204695520683288,0.0532814769072411,30,30,30,30
uci_har,random_forest,leakage_reduced_mixed,iso,1.0,0.9996102434453814,0.05320479213984011,0.0532814769072411,30,30,30,30
uci_har,random_forest,leakage_reduced_mixed,raw,0.5,0.5068112958132805,0.0008084604943243687,0.04788572062309564,30,30,30,30
uci_har,random_forest,leakage_reduced_mixed,raw,0.6,0.6030914579235798,0.0019418983742381264,0.04788572062309564,30,30,30,30
uci_har,random_forest,leakage_reduced_mixed,raw,0.7,0.6969887180907448,0.003020090248101595,0.04788572062309564,30,30,30,30
uci_har,random_forest,leakage_reduced_mixed,raw,0.8,0.7922394107546256,0.007414018293386724,0.04788572062309564,30,30,30,30
uci_har,random_forest,leakage_reduced_mixed,raw,0.9,0.8985416512151843,0.021266386871069378,0.04788572062309564,30,30,30,30
uci_har,random_forest,leakage_reduced_mixed,raw,1.0,0.9998169063187385,0.04770580914980242,0.04788572062309564,30,30,30,30
uci_har,random_forest,leakage_reduced_mixed,temp,0.5,0.500789432385923,0.0005295852059657058,0.04788572062309564,30,30,30,30
uci_har,random_forest,leakage_reduced_mixed,temp,0.6,0.6018499304744775,0.0018151185565236385,0.04788572062309564,30,30,30,30
uci_har,random_forest,leakage_reduced_mixed,temp,0.7,0.6993833103552825,0.0028020815787905616,0.04788572062309564,30,30,30,30
uci_har,random_forest,leakage_reduced_mixed,temp,0.8,0.7927236240728923,0.005791418057632895,0.04788572062309564,30,30,30,30
uci_har,random_forest,leakage_reduced_mixed,temp,0.9,0.8990566605603102,0.018002061306730002,0.04788572062309564,30,30,30,30
uci_har,random_forest,leakage_reduced_mixed,temp,1.0,0.9998169063187385,0.04770580914980242,0.04788572062309564,30,30,30,30
uci_har,random_forest,sample_mixed,iso,0.5,0.8621996175434022,0.0032314566841335672,0.025179025265229322,30,30,30,30
uci_har,random_forest,sample_mixed,iso,0.6,0.8621996175434022,0.0032314566841335672,0.025179025265229322,30,30,30,30
uci_har,random_forest,sample_mixed,iso,0.7,0.8621996175434022,0.0032314566841335672,0.025179025265229322,30,30,30,30
uci_har,random_forest,sample_mixed,iso,0.8,0.8628558489429955,0.003229919228772175,0.025179025265229322,30,30,30,30
uci_har,random_forest,sample_mixed,iso,0.9,0.9042735022994824,0.004612248816439756,0.025179025265229322,30,30,30,30
uci_har,random_forest,sample_mixed,iso,1.0,0.9996926142674464,0.025027610911720493,0.025179025265229322,30,30,30,30
uci_har,random_forest,sample_mixed,raw,0.5,0.502454817867001,0.0,0.024692997729043542,30,30,30,30
uci_har,random_forest,sample_mixed,raw,0.6,0.6010663513071733,0.0,0.024692997729043542,30,30,30,30
uci_har,random_forest,sample_mixed,raw,0.7,0.6989306471030027,6.629805716143331e-05,0.024692997729043542,30,30,30,30
uci_har,random_forest,sample_mixed,raw,0.8,0.7971808111967309,0.0008305988655955366,0.024692997729043542,30,30,30,30
uci_har,random_forest,sample_mixed,raw,0.9,0.8985970236890594,0.004500661150936513,0.024692997729043542,30,30,30,30
uci_har,random_forest,sample_mixed,raw,1.0,0.9996847506576672,0.02450109354518141,0.024692997729043542,30,30,30,30
uci_har,random_forest,sample_mixed,temp,0.5,0.4972554585702248,0.0,0.024692997729043542,30,30,30,30
uci_har,random_forest,sample_mixed,temp,0.6,0.5945714034218417,0.0,0.024692997729043542,30,30,30,30
uci_har,random_forest,sample_mixed,temp,0.7,0.6963729229662117,2.4154589371980676e-05,0.024692997729043542,30,30,30,30
uci_har,random_forest,sample_mixed,temp,0.8,0.7950743447147807,0.0005529007336731495,0.024692997729043542,30,30,30,30
uci_har,random_forest,sample_mixed,temp,0.9,0.8973634792836365,0.0034428841170736344,0.024692997729043542,30,30,30,30
uci_har,random_forest,sample_mixed,temp,1.0,0.9994655784837103,0.024342896914091968,0.024692997729043542,30,30,30,30
uci_har,random_forest,subject_disjoint,iso,0.5,0.6267708003228449,0.01565272937044209,0.08071072913957056,30,30,30,30
uci_har,random_forest,subject_disjoint,iso,0.6,0.6481005313990311,0.016821492548416136,0.08071072913957056,30,30,30,30
uci_har,random_forest,subject_disjoint,iso,0.7,0.6995193128770655,0.01968844092570395,0.08071072913957056,30,30,30,30
uci_har,random_forest,subject_disjoint,iso,0.8,0.7918462831799296,0.025303656379289392,0.08071072913957056,30,30,30,30
uci_har,random_forest,subject_disjoint,iso,0.9,0.889769787108711,0.043469855864332455,0.08071072913957056,30,30,30,30
uci_har,random_forest,subject_disjoint,iso,1.0,0.9990693433400203,0.08013672046129151,0.08071072913957056,30,30,30,30
uci_har,random_forest,subject_disjoint,raw,0.5,0.4887816014326454,0.004919762808309593,0.07521755360823174,30,30,30,30
uci_har,random_forest,subject_disjoint,raw,0.6,0.5792743273384819,0.009126850563102093,0.07521755360823174,30,30,30,30
uci_har,random_forest,subject_disjoint,raw,0.7,0.6786028711807695,0.016111112093605037,0.07521755360823174,30,30,30,30
uci_har,random_forest,subject_disjoint,raw,0.8,0.7843306742321559,0.027019595976020667,0.07521755360823174,30,30,30,30
uci_har,random_forest,subject_disjoint,raw,0.9,0.8883137106602003,0.042422080469406515,0.07521755360823174,30,30,30,30
uci_har,random_forest,subject_disjoint,raw,1.0,0.9990897992689011,0.07491547937671507,0.07521755360823174,30,30,30,30
uci_har,random_forest,subject_disjoint,temp,0.5,0.4861115117013527,0.004595391157812377,0.07521755360823174,30,30,30,30
uci_har,random_forest,subject_disjoint,temp,0.6,0.5794564345694472,0.008142551811584705,0.07521755360823174,30,30,30,30
uci_har,random_forest,subject_disjoint,temp,0.7,0.6792930437945318,0.013726581061472254,0.07521755360823174,30,30,30,30
uci_har,random_forest,subject_disjoint,temp,0.8,0.7829226685757376,0.024646611426044424,0.07521755360823174,30,30,30,30
uci_har,random_forest,subject_disjoint,temp,0.9,0.8852655732025377,0.037768173771364655,0.07521755360823174,30,30,30,30
uci_har,random_forest,subject_disjoint,temp,1.0,0.9995693350676232,0.0750882163580791,0.07521755360823174,30,30,30,30
wisdm_watch_accel,cnn1d,sample_mixed,iso,0.5,0.5212193361120593,0.04567175150832187,0.22865084252710166,50,50,50,50
wisdm_watch_accel,cnn1d,sample_mixed,iso,0.6,0.6205491960244965,0.07223752330094955,0.22865084252710166,50,50,50,50
wisdm_watch_accel,cnn1d,sample_mixed,iso,0.7,0.717154553755368,0.10483645621459058,0.22865084252710166,50,50,50,50
wisdm_watch_accel,cnn1d,sample_mixed,iso,0.8,0.8133911751137081,0.14436067483659387,0.22865084252710166,50,50,50,50
wisdm_watch_accel,cnn1d,sample_mixed,iso,0.9,0.9090810079580689,0.18734649714681492,0.22865084252710166,50,50,50,50
wisdm_watch_accel,cnn1d,sample_mixed,iso,1.0,0.9998224266442196,0.22854626446075277,0.22865084252710166,50,50,50,50
wisdm_watch_accel,cnn1d,sample_mixed,raw,0.5,0.5219843904442134,0.04902992756822811,0.2343570799496374,50,50,50,50
wisdm_watch_accel,cnn1d,sample_mixed,raw,0.6,0.6214947389842009,0.07536742786077298,0.2343570799496374,50,50,50,50
wisdm_watch_accel,cnn1d,sample_mixed,raw,0.7,0.7183377803642252,0.11073927306092582,0.2343570799496374,50,50,50,50
wisdm_watch_accel,cnn1d,sample_mixed,raw,0.8,0.8132390062622761,0.15004785973013962,0.2343570799496374,50,50,50,50
wisdm_watch_accel,cnn1d,sample_mixed,raw,0.9,0.9103184225440495,0.19329905083176194,0.2343570799496374,50,50,50,50
wisdm_watch_accel,cnn1d,sample_mixed,raw,1.0,0.9997377120713901,0.23419934056161637,0.2343570799496374,50,50,50,50
wisdm_watch_accel,cnn1d,sample_mixed,temp,0.5,0.5219705475854529,0.04925841789179089,0.2343570799496374,50,50,50,50
wisdm_watch_accel,cnn1d,sample_mixed,temp,0.6,0.6209906435891819,0.07522641687190358,0.2343570799496374,50,50,50,50
wisdm_watch_accel,cnn1d,sample_mixed,temp,0.7,0.7177037279277152,0.11049856566327744,0.2343570799496374,50,50,50,50
wisdm_watch_accel,cnn1d,sample_mixed,temp,0.8,0.8131386081778497,0.14983320823613547,0.2343570799496374,50,50,50,50
wisdm_watch_accel,cnn1d,sample_mixed,temp,0.9,0.9098879420718078,0.1928090980794547,0.2343570799496374,50,50,50,50
wisdm_watch_accel,cnn1d,sample_mixed,temp,1.0,0.9997481966344083,0.23420541650582927,0.2343570799496374,50,50,50,50
wisdm_watch_accel,cnn1d,subject_disjoint,iso,0.5,0.5482891553530641,0.3305570470816241,0.48335755400054553,50,50,50,50
wisdm_watch_accel,cnn1d,subject_disjoint,iso,0.6,0.6458650817793549,0.3695026044814928,0.48335755400054553,50,50,50,50
wisdm_watch_accel,cnn1d,subject_disjoint,iso,0.7,0.7384508161607017,0.4036012638949107,0.48335755400054553,50,50,50,50
wisdm_watch_accel,cnn1d,subject_disjoint,iso,0.8,0.8241905795536454,0.4323295686698655,0.48335755400054553,50,50,50,50
wisdm_watch_accel,cnn1d,subject_disjoint,iso,0.9,0.9124585438288548,0.45777515106308087,0.48335755400054553,50,50,50,50
wisdm_watch_accel,cnn1d,subject_disjoint,iso,1.0,0.9994762110212929,0.4832765232742413,0.48335755400054553,50,50,50,50
wisdm_watch_accel,cnn1d,subject_disjoint,raw,0.5,0.5090994620573638,0.32496185038748565,0.4901993587333986,50,50,50,50
wisdm_watch_accel,cnn1d,subject_disjoint,raw,0.6,0.6049680625220695,0.3666174399460433,0.4901993587333986,50,50,50,50
wisdm_watch_accel,cnn1d,subject_disjoint,raw,0.7,0.6997662199142711,0.4005664985168331,0.4901993587333986,50,50,50,50
wisdm_watch_accel,cnn1d,subject_disjoint,raw,0.8,0.8010474771941289,0.4330857819968215,0.4901993587333986,50,50,50,50
wisdm_watch_accel,cnn1d,subject_disjoint,raw,0.9,0.9004154157541855,0.4624578324602426,0.4901993587333986,50,50,50,50
wisdm_watch_accel,cnn1d,subject_disjoint,raw,1.0,0.9993268300860177,0.4900366698621729,0.4901993587333986,50,50,50,50
wisdm_watch_accel,cnn1d,subject_disjoint,temp,0.5,0.5102506495270976,0.3332484337167218,0.4901993587333986,50,50,50,50
wisdm_watch_accel,cnn1d,subject_disjoint,temp,0.6,0.6008113654955533,0.3685798742367018,0.4901993587333986,50,50,50,50
wisdm_watch_accel,cnn1d,subject_disjoint,temp,0.7,0.6994516106097042,0.405041845726565,0.4901993587333986,50,50,50,50
wisdm_watch_accel,cnn1d,subject_disjoint,temp,0.8,0.8020355540074864,0.43549412005750193,0.4901993587333986,50,50,50,50
wisdm_watch_accel,cnn1d,subject_disjoint,temp,0.9,0.9005841987764631,0.4633660930174877,0.4901993587333986,50,50,50,50
wisdm_watch_accel,cnn1d,subject_disjoint,temp,1.0,0.999416195920832,0.4900870295875086,0.4901993587333986,50,50,50,50
wisdm_watch_accel,extra_trees,sample_mixed,iso,0.5,0.4769662072146284,0.014322897196777904,0.1779192995439565,50,50,50,50
wisdm_watch_accel,extra_trees,sample_mixed,iso,0.6,0.5797157092470675,0.025522444422903624,0.1779192995439565,50,50,50,50
wisdm_watch_accel,extra_trees,sample_mixed,iso,0.7,0.6819541502568862,0.045512081159919206,0.1779192995439565,50,50,50,50
wisdm_watch_accel,extra_trees,sample_mixed,iso,0.8,0.7879337639356168,0.0793973115969707,0.1779192995439565,50,50,50,50
wisdm_watch_accel,extra_trees,sample_mixed,iso,0.9,0.8947764294703455,0.12479191770370185,0.1779192995439565,50,50,50,50
wisdm_watch_accel,extra_trees,sample_mixed,iso,1.0,0.9996386396391267,0.17768914772445712,0.1779192995439565,50,50,50,50
wisdm_watch_accel,extra_trees,sample_mixed,raw,0.5,0.4811956839101847,0.013905878928069652,0.17742644116396133,50,50,50,50
wisdm_watch_accel,extra_trees,sample_mixed,raw,0.6,0.5844863430864382,0.02513086420817208,0.17742644116396133,50,50,50,50
wisdm_watch_accel,extra_trees,sample_mixed,raw,0.7,0.6867207370300309,0.04489599777654573,0.17742644116396133,50,50,50,50
wisdm_watch_accel,extra_trees,sample_mixed,raw,0.8,0.7925597101809753,0.08102701720249461,0.17742644116396133,50,50,50,50
wisdm_watch_accel,extra_trees,sample_mixed,raw,0.9,0.8972424771891536,0.12586393852215857,0.17742644116396133,50,50,50,50
wisdm_watch_accel,extra_trees,sample_mixed,raw,1.0,0.9996151987900214,0.17720853975004267,0.17742644116396133,50,50,50,50
wisdm_watch_accel,extra_trees,sample_mixed,temp,0.5,0.478774006072155,0.014044143511274849,0.17742644116396133,50,50,50,50
wisdm_watch_accel,extra_trees,sample_mixed,temp,0.6,0.5814053311451215,0.024946057758445904,0.17742644116396133,50,50,50,50
wisdm_watch_accel,extra_trees,sample_mixed,temp,0.7,0.6851295187745048,0.04489803604181736,0.17742644116396133,50,50,50,50
wisdm_watch_accel,extra_trees,sample_mixed,temp,0.8,0.7903733185190213,0.07868847193406864,0.17742644116396133,50,50,50,50
wisdm_watch_accel,extra_trees,sample_mixed,temp,0.9,0.895392534481697,0.1246492228461166,0.17742644116396133,50,50,50,50
wisdm_watch_accel,extra_trees,sample_mixed,temp,1.0,0.9995851992369186,0.17721275289388289,0.17742644116396133,50,50,50,50
wisdm_watch_accel,extra_trees,subject_disjoint,iso,0.5,0.5529322540865705,0.19025010208189397,0.3748809369158475,50,50,50,50
wisdm_watch_accel,extra_trees,subject_disjoint,iso,0.6,0.6534613521169338,0.23314435268482256,0.3748809369158475,50,50,50,50
wisdm_watch_accel,extra_trees,subject_disjoint,iso,0.7,0.7445960785898691,0.27270159947859673,0.3748809369158475,50,50,50,50
wisdm_watch_accel,extra_trees,subject_disjoint,iso,0.8,0.828806342862001,0.3080989431867965,0.3748809369158475,50,50,50,50
wisdm_watch_accel,extra_trees,subject_disjoint,iso,0.9,0.9155188064705871,0.3434377481119821,0.3748809369158475,50,50,50,50
wisdm_watch_accel,extra_trees,subject_disjoint,iso,1.0,0.9995890329352051,0.3746788309359827,0.3748809369158475,50,50,50,50
wisdm_watch_accel,extra_trees,subject_disjoint,raw,0.5,0.5221378363278564,0.1802641214244824,0.36877749951707595,50,50,50,50
wisdm_watch_accel,extra_trees,subject_disjoint,raw,0.6,0.6197749341024982,0.2205708546923941,0.36877749951707595,50,50,50,50
wisdm_watch_accel,extra_trees,subject_disjoint,raw,0.7,0.7146283054042023,0.25914370774540674,0.36877749951707595,50,50,50,50
wisdm_watch_accel,extra_trees,subject_disjoint,raw,0.8,0.8108752893421937,0.2974119674538255,0.36877749951707595,50,50,50,50
wisdm_watch_accel,extra_trees,subject_disjoint,raw,0.9,0.9064010882914135,0.3339915139245169,0.36877749951707595,50,50,50,50
wisdm_watch_accel,extra_trees,subject_disjoint,raw,1.0,0.9997237382392072,0.36866231622305207,0.36877749951707595,50,50,50,50
wisdm_watch_accel,extra_trees,subject_disjoint,temp,0.5,0.5257997439134053,0.1926349167918323,0.36877749951707595,50,50,50,50
wisdm_watch_accel,extra_trees,subject_disjoint,temp,0.6,0.619830304531054,0.22940530132023423,0.36877749951707595,50,50,50,50
wisdm_watch_accel,extra_trees,subject_disjoint,temp,0.7,0.7123218592077203,0.2653999790576401,0.36877749951707595,50,50,50,50
wisdm_watch_accel,extra_trees,subject_disjoint,temp,0.8,0.8038421417224416,0.29910979092048096,0.36877749951707595,50,50,50,50
wisdm_watch_accel,extra_trees,subject_disjoint,temp,0.9,0.8986477825751451,0.33225684307328857,0.36877749951707595,50,50,50,50
wisdm_watch_accel,extra_trees,subject_disjoint,temp,1.0,0.999614479993421,0.3686088604899079,0.36877749951707595,50,50,50,50
wisdm_watch_accel,hist_gradient_boosting,sample_mixed,iso,0.5,0.4923239360968213,0.012713280561936671,0.15555735688504466,50,50,50,50
wisdm_watch_accel,hist_gradient_boosting,sample_mixed,iso,0.6,0.5895627288163466,0.02001246524341653,0.15555735688504466,50,50,50,50
wisdm_watch_accel,hist_gradient_boosting,sample_mixed,iso,0.7,0.6892898173056591,0.03558218160558742,0.15555735688504466,50,50,50,50
wisdm_watch_accel,hist_gradient_boosting,sample_mixed,iso,0.8,0.7934759961385702,0.06398683241841495,0.15555735688504466,50,50,50,50
wisdm_watch_accel,hist_gradient_boosting,sample_mixed,iso,0.9,0.8963015311434285,0.10431198322610054,0.15555735688504466,50,50,50,50
wisdm_watch_accel,hist_gradient_boosting,sample_mixed,iso,1.0,0.9997362640745731,0.15538475316060013,0.15555735688504466,50,50,50,50
wisdm_watch_accel,hist_gradient_boosting,sample_mixed,raw,0.5,0.49229448220856725,0.012540945828794194,0.15449353690064652,50,50,50,50
wisdm_watch_accel,hist_gradient_boosting,sample_mixed,raw,0.6,0.5893641642392855,0.01990580812059592,0.15449353690064652,50,50,50,50
wisdm_watch_accel,hist_gradient_boosting,sample_mixed,raw,0.7,0.6895493454270277,0.035125804879739556,0.15449353690064652,50,50,50,50
wisdm_watch_accel,hist_gradient_boosting,sample_mixed,raw,0.8,0.7929419054177467,0.06324693011462287,0.15449353690064652,50,50,50,50
wisdm_watch_accel,hist_gradient_boosting,sample_mixed,raw,0.9,0.8968136707183035,0.10394013449886014,0.15449353690064652,50,50,50,50
wisdm_watch_accel,hist_gradient_boosting,sample_mixed,raw,1.0,0.9997456176578262,0.15434369358288197,0.15449353690064652,50,50,50,50
wisdm_watch_accel,hist_gradient_boosting,sample_mixed,temp,0.5,0.492631493255822,0.01235035698522651,0.15449353690064652,50,50,50,50
wisdm_watch_accel,hist_gradient_boosting,sample_mixed,temp,0.6,0.5904994749127834,0.01992381372126944,0.15449353690064652,50,50,50,50
wisdm_watch_accel,hist_gradient_boosting,sample_mixed,temp,0.7,0.6894405270500067,0.03463971766044883,0.15449353690064652,50,50,50,50
wisdm_watch_accel,hist_gradient_boosting,sample_mixed,temp,0.8,0.7925562457423161,0.06273223305778457,0.15449353690064652,50,50,50,50
wisdm_watch_accel,hist_gradient_boosting,sample_mixed,temp,0.9,0.8965043204746611,0.10356933913129777,0.15449353690064652,50,50,50,50
wisdm_watch_accel,hist_gradient_boosting,sample_mixed,temp,1.0,0.9997589969153989,0.1543485015238766,0.15449353690064652,50,50,50,50
wisdm_watch_accel,hist_gradient_boosting,subject_disjoint,iso,0.5,0.5528872730204907,0.1732740530970663,0.3581359631715235,50,50,50,50
wisdm_watch_accel,hist_gradient_boosting,subject_disjoint,iso,0.6,0.6544411356351927,0.2171930529173424,0.3581359631715235,50,50,50,50
wisdm_watch_accel,hist_gradient_boosting,subject_disjoint,iso,0.7,0.7494509014445966,0.2587817327938471,0.3581359631715235,50,50,50,50
wisdm_watch_accel,hist_gradient_boosting,subject_disjoint,iso,0.8,0.8375277432905079,0.2957810317331967,0.3581359631715235,50,50,50,50
wisdm_watch_accel,hist_gradient_boosting,subject_disjoint,iso,0.9,0.9209293910998194,0.32883301778773527,0.3581359631715235,50,50,50,50
wisdm_watch_accel,hist_gradient_boosting,subject_disjoint,iso,1.0,0.9997762314232397,0.3580446778356744,0.3581359631715235,50,50,50,50
wisdm_watch_accel,hist_gradient_boosting,subject_disjoint,raw,0.5,0.523812915417947,0.16363821008289578,0.35791113176373324,50,50,50,50
wisdm_watch_accel,hist_gradient_boosting,subject_disjoint,raw,0.6,0.6206029922401697,0.20601491310629363,0.35791113176373324,50,50,50,50
wisdm_watch_accel,hist_gradient_boosting,subject_disjoint,raw,0.7,0.7182914231200916,0.24920598698898647,0.35791113176373324,50,50,50,50
wisdm_watch_accel,hist_gradient_boosting,subject_disjoint,raw,0.8,0.813890216351968,0.28797089957500005,0.35791113176373324,50,50,50,50
wisdm_watch_accel,hist_gradient_boosting,subject_disjoint,raw,0.9,0.9087378008872221,0.3243842041367333,0.35791113176373324,50,50,50,50
wisdm_watch_accel,hist_gradient_boosting,subject_disjoint,raw,1.0,0.9997727732638141,0.35781372123117317,0.35791113176373324,50,50,50,50
wisdm_watch_accel,hist_gradient_boosting,subject_disjoint,temp,0.5,0.5287638089282952,0.16355021280662463,0.35791113176373324,50,50,50,50
wisdm_watch_accel,hist_gradient_boosting,subject_disjoint,temp,0.6,0.6283527540978748,0.20866620565625127,0.35791113176373324,50,50,50,50
wisdm_watch_accel,hist_gradient_boosting,subject_disjoint,temp,0.7,0.7253971607295007,0.25176223865670566,0.35791113176373324,50,50,50,50
wisdm_watch_accel,hist_gradient_boosting,subject_disjoint,temp,0.8,0.8189009146564495,0.29004435778421755,0.35791113176373324,50,50,50,50
wisdm_watch_accel,hist_gradient_boosting,subject_disjoint,temp,0.9,0.9106859478553453,0.32601492466271714,0.35791113176373324,50,50,50,50
wisdm_watch_accel,hist_gradient_boosting,subject_disjoint,temp,1.0,0.9997462810692751,0.35781743104034947,0.35791113176373324,50,50,50,50
wisdm_watch_accel,logistic,sample_mixed,iso,0.5,0.5229580473905308,0.09918542173590478,0.2905075419881504,50,50,50,50
wisdm_watch_accel,logistic,sample_mixed,iso,0.6,0.6213400166273911,0.13380808548515744,0.2905075419881504,50,50,50,50
wisdm_watch_accel,logistic,sample_mixed,iso,0.7,0.7181309582584424,0.17125451053657184,0.2905075419881504,50,50,50,50
wisdm_watch_accel,logistic,sample_mixed,iso,0.8,0.8144630891431062,0.21183793766606887,0.2905075419881504,50,50,50,50
wisdm_watch_accel,logistic,sample_mixed,iso,0.9,0.9084166166862038,0.25123515120839857,0.2905075419881504,50,50,50,50
wisdm_watch_accel,logistic,sample_mixed,iso,1.0,0.9997111114154048,0.2903980285233522,0.2905075419881504,50,50,50,50
wisdm_watch_accel,logistic,sample_mixed,raw,0.5,0.524325244616588,0.10008155972738812,0.2885665946739464,50,50,50,50
wisdm_watch_accel,logistic,sample_mixed,raw,0.6,0.6236666616162276,0.13449625994714234,0.2885665946739464,50,50,50,50
wisdm_watch_accel,logistic,sample_mixed,raw,0.7,0.718911059630964,0.17008394175918087,0.2885665946739464,50,50,50,50
wisdm_watch_accel,logistic,sample_mixed,raw,0.8,0.8151932741915541,0.2109066106449696,0.2885665946739464,50,50,50,50
wisdm_watch_accel,logistic,sample_mixed,raw,0.9,0.9093481350535352,0.25004370753322647,0.2885665946739464,50,50,50,50
wisdm_watch_accel,logistic,sample_mixed,raw,1.0,0.9997045969355779,0.2884259148366602,0.2885665946739464,50,50,50,50
wisdm_watch_accel,logistic,sample_mixed,temp,0.5,0.5244400985974611,0.10033377079506572,0.2885665946739464,50,50,50,50
wisdm_watch_accel,logistic,sample_mixed,temp,0.6,0.6238541756998622,0.1346394544290885,0.2885665946739464,50,50,50,50
wisdm_watch_accel,logistic,sample_mixed,temp,0.7,0.7192585047801454,0.17013502821950038,0.2885665946739464,50,50,50,50
wisdm_watch_accel,logistic,sample_mixed,temp,0.8,0.8151045232036839,0.21082542219841266,0.2885665946739464,50,50,50,50
wisdm_watch_accel,logistic,sample_mixed,temp,0.9,0.9092714118158579,0.25006544402589226,0.2885665946739464,50,50,50,50
wisdm_watch_accel,logistic,sample_mixed,temp,1.0,0.9997041712225083,0.28842611178475336,0.2885665946739464,50,50,50,50
wisdm_watch_accel,logistic,subject_disjoint,iso,0.5,0.5289556816375754,0.2325023445756353,0.40063890362586885,50,50,50,50
wisdm_watch_accel,logistic,subject_disjoint,iso,0.6,0.623629060385674,0.26404394035767453,0.40063890362586885,50,50,50,50
wisdm_watch_accel,logistic,subject_disjoint,iso,0.7,0.7202074925583005,0.2983768606755616,0.40063890362586885,50,50,50,50
wisdm_watch_accel,logistic,subject_disjoint,iso,0.8,0.8165217389929639,0.33327632598384727,0.40063890362586885,50,50,50,50
wisdm_watch_accel,logistic,subject_disjoint,iso,0.9,0.9100705410542915,0.36799002509301465,0.40063890362586885,50,50,50,50
wisdm_watch_accel,logistic,subject_disjoint,iso,1.0,0.9997103939759352,0.40053462044756666,0.40063890362586885,50,50,50,50
wisdm_watch_accel,logistic,subject_disjoint,raw,0.5,0.5070935136186314,0.21732184451241968,0.39302501105498927,50,50,50,50
wisdm_watch_accel,logistic,subject_disjoint,raw,0.6,0.6045841093069569,0.2519783376122513,0.39302501105498927,50,50,50,50
wisdm_watch_accel,logistic,subject_disjoint,raw,0.7,0.699225354959558,0.28461068964461295,0.39302501105498927,50,50,50,50
wisdm_watch_accel,logistic,subject_disjoint,raw,0.8,0.7960854638429997,0.3192600809632441,0.39302501105498927,50,50,50,50
wisdm_watch_accel,logistic,subject_disjoint,raw,0.9,0.8963603177324144,0.35557971492998014,0.39302501105498927,50,50,50,50
wisdm_watch_accel,logistic,subject_disjoint,raw,1.0,0.9995611284705782,0.3928351374827772,0.39302501105498927,50,50,50,50
wisdm_watch_accel,logistic,subject_disjoint,temp,0.5,0.5008399146493845,0.2226222519569105,0.39302501105498927,50,50,50,50
wisdm_watch_accel,logistic,subject_disjoint,temp,0.6,0.5979397006261108,0.25503362571297566,0.39302501105498927,50,50,50,50
wisdm_watch_accel,logistic,subject_disjoint,temp,0.7,0.6941454036107157,0.2872015443563746,0.39302501105498927,50,50,50,50
wisdm_watch_accel,logistic,subject_disjoint,temp,0.8,0.7926116695795692,0.3208233534205533,0.39302501105498927,50,50,50,50
wisdm_watch_accel,logistic,subject_disjoint,temp,0.9,0.8966027600634382,0.3567802774554662,0.39302501105498927,50,50,50,50
wisdm_watch_accel,logistic,subject_disjoint,temp,1.0,0.9995960584863539,0.39286828562327863,0.39302501105498927,50,50,50,50
wisdm_watch_accel,random_forest,sample_mixed,iso,0.5,0.4824617696208871,0.01650498229400496,0.17914897807208535,50,50,50,50
wisdm_watch_accel,random_forest,sample_mixed,iso,0.6,0.5820935648494464,0.027698029352001566,0.17914897807208535,50,50,50,50
wisdm_watch_accel,random_forest,sample_mixed,iso,0.7,0.6835367588939161,0.04844387090770831,0.17914897807208535,50,50,50,50
wisdm_watch_accel,random_forest,sample_mixed,iso,0.8,0.7887931741248728,0.0815816475752601,0.17914897807208535,50,50,50,50
wisdm_watch_accel,random_forest,sample_mixed,iso,0.9,0.8941883344767007,0.12700790813948898,0.17914897807208535,50,50,50,50
wisdm_watch_accel,random_forest,sample_mixed,iso,1.0,0.9996966496661743,0.17895727172882692,0.17914897807208535,50,50,50,50
wisdm_watch_accel,random_forest,sample_mixed,raw,0.5,0.4860474931048831,0.01679576515289993,0.1778800258004135,50,50,50,50
wisdm_watch_accel,random_forest,sample_mixed,raw,0.6,0.5863348984865282,0.029811878054225006,0.1778800258004135,50,50,50,50
wisdm_watch_accel,random_forest,sample_mixed,raw,0.7,0.6892197190778419,0.05118840221706522,0.1778800258004135,50,50,50,50
wisdm_watch_accel,random_forest,sample_mixed,raw,0.8,0.7922066071328112,0.08356603406980251,0.1778800258004135,50,50,50,50
wisdm_watch_accel,random_forest,sample_mixed,raw,0.9,0.8974169622079432,0.12740824853926694,0.1778800258004135,50,50,50,50
wisdm_watch_accel,random_forest,sample_mixed,raw,1.0,0.9997889184223111,0.17776442392337144,0.1778800258004135,50,50,50,50
wisdm_watch_accel,random_forest,sample_mixed,temp,0.5,0.4836172290029937,0.016194251989814862,0.1778800258004135,50,50,50,50
wisdm_watch_accel,random_forest,sample_mixed,temp,0.6,0.5850624339843303,0.027927864919185353,0.1778800258004135,50,50,50,50
wisdm_watch_accel,random_forest,sample_mixed,temp,0.7,0.6865943703895466,0.0488414837898749,0.1778800258004135,50,50,50,50
wisdm_watch_accel,random_forest,sample_mixed,temp,0.8,0.7905891240661584,0.0808873722096199,0.1778800258004135,50,50,50,50
wisdm_watch_accel,random_forest,sample_mixed,temp,0.9,0.8953333278066959,0.12584100063197087,0.1778800258004135,50,50,50,50
wisdm_watch_accel,random_forest,sample_mixed,temp,1.0,0.9997527274869253,0.1777409103981074,0.1778800258004135,50,50,50,50
wisdm_watch_accel,random_forest,subject_disjoint,iso,0.5,0.5542438147975762,0.1749727573264227,0.36527867606004255,50,50,50,50
wisdm_watch_accel,random_forest,subject_disjoint,iso,0.6,0.6556399949622631,0.21982826114320297,0.36527867606004255,50,50,50,50
wisdm_watch_accel,random_forest,subject_disjoint,iso,0.7,0.749936513753715,0.26017777134307385,0.36527867606004255,50,50,50,50
wisdm_watch_accel,random_forest,subject_disjoint,iso,0.8,0.8349631892380088,0.29762337353916885,0.36527867606004255,50,50,50,50
wisdm_watch_accel,random_forest,subject_disjoint,iso,0.9,0.9147318924959581,0.3313304220789861,0.36527867606004255,50,50,50,50
wisdm_watch_accel,random_forest,subject_disjoint,iso,1.0,0.9996610176740768,0.36513169548970725,0.36527867606004255,50,50,50,50
wisdm_watch_accel,random_forest,subject_disjoint,raw,0.5,0.5273152298305944,0.1656639053994788,0.3587204343855015,50,50,50,50
wisdm_watch_accel,random_forest,subject_disjoint,raw,0.6,0.6238621948723436,0.20662390931359617,0.3587204343855015,50,50,50,50
wisdm_watch_accel,random_forest,subject_disjoint,raw,0.7,0.719905150425953,0.24781188397095044,0.3587204343855015,50,50,50,50
wisdm_watch_accel,random_forest,subject_disjoint,raw,0.8,0.8142740079884123,0.287078708105003,0.3587204343855015,50,50,50,50
wisdm_watch_accel,random_forest,subject_disjoint,raw,0.9,0.9057689351383913,0.3234874040327502,0.3587204343855015,50,50,50,50
wisdm_watch_accel,random_forest,subject_disjoint,raw,1.0,0.9997194840075934,0.3585942663888742,0.3587204343855015,50,50,50,50
wisdm_watch_accel,random_forest,subject_disjoint,temp,0.5,0.5255690904081031,0.17073150617406493,0.3587204343855015,50,50,50,50
wisdm_watch_accel,random_forest,subject_disjoint,temp,0.6,0.6192205489106163,0.2101923224798621,0.3587204343855015,50,50,50,50
wisdm_watch_accel,random_forest,subject_disjoint,temp,0.7,0.714452224547916,0.24939398047917055,0.3587204343855015,50,50,50,50
wisdm_watch_accel,random_forest,subject_disjoint,temp,0.8,0.8058730626627684,0.2862525379821726,0.3587204343855015,50,50,50,50
wisdm_watch_accel,random_forest,subject_disjoint,temp,0.9,0.8991830438874586,0.3219479342802658,0.3587204343855015,50,50,50,50
wisdm_watch_accel,random_forest,subject_disjoint,temp,1.0,0.9997053562714144,0.3585956049275982,0.3587204343855015,50,50,50,50
