dataset,metric,model,sample_mixed_value,sample_mixed_rank,subject_disjoint_value,subject_disjoint_rank,rank_change_disjoint_minus_mixed,spearman_rank_correlation_all_5_models,spearman_rank_correlation_4_classical_models,inferential,note
uci_har,macro_f1,cnn1d,0.9689498574487732,5.0,0.9113297067824688,5.0,0.0,0.7,0.39999999999999997,False,"Descriptive only; CNN representation differs from classical features, especially for WISDM."
uci_har,macro_f1,extra_trees,0.981907114964216,3.0,0.9328526123365646,2.0,-1.0,0.7,0.39999999999999997,False,"Descriptive only; CNN representation differs from classical features, especially for WISDM."
uci_har,macro_f1,hist_gradient_boosting,0.9897440214165352,1.0,0.9289763805791538,3.0,2.0,0.7,0.39999999999999997,False,"Descriptive only; CNN representation differs from classical features, especially for WISDM."
uci_har,macro_f1,logistic,0.982886349632394,2.0,0.9395561047032616,1.0,-1.0,0.7,0.39999999999999997,False,"Descriptive only; CNN representation differs from classical features, especially for WISDM."
uci_har,macro_f1,random_forest,0.9749272035815056,4.0,0.9156934381230248,4.0,0.0,0.7,0.39999999999999997,False,"Descriptive only; CNN representation differs from classical features, especially for WISDM."
uci_har,brier,cnn1d,0.0472661431518309,3.0,0.1336795591042598,3.0,0.0,0.8999999999999998,0.7999999999999999,False,"Descriptive only; CNN representation differs from classical features, especially for WISDM."
uci_har,brier,extra_trees,0.0670336881462745,5.0,0.1359474791367197,5.0,0.0,0.8999999999999998,0.7999999999999999,False,"Descriptive only; CNN representation differs from classical features, especially for WISDM."
uci_har,brier,hist_gradient_boosting,0.0167576820856158,1.0,0.1124996401752712,2.0,1.0,0.8999999999999998,0.7999999999999999,False,"Descriptive only; CNN representation differs from classical features, especially for WISDM."
uci_har,brier,logistic,0.0281311835207595,2.0,0.0915709792480248,1.0,-1.0,0.8999999999999998,0.7999999999999999,False,"Descriptive only; CNN representation differs from classical features, especially for WISDM."
uci_har,brier,random_forest,0.0620541071397425,4.0,0.1342506784396556,4.0,0.0,0.8999999999999998,0.7999999999999999,False,"Descriptive only; CNN representation differs from classical features, especially for WISDM."
uci_har,nll,cnn1d,0.0821729778430659,3.0,0.2707936769183595,3.0,0.0,-0.09999999999999999,-0.19999999999999998,False,"Descriptive only; CNN representation differs from classical features, especially for WISDM."
uci_har,nll,extra_trees,0.1670240410724203,5.0,0.2793133999597638,4.0,-1.0,-0.09999999999999999,-0.19999999999999998,False,"Descriptive only; CNN representation differs from classical features, especially for WISDM."
uci_har,nll,hist_gradient_boosting,0.0355258155102928,1.0,0.3639519644479875,5.0,4.0,-0.09999999999999999,-0.19999999999999998,False,"Descriptive only; CNN representation differs from classical features, especially for WISDM."
uci_har,nll,logistic,0.0564143042451712,2.0,0.247628379715379,1.0,-1.0,-0.09999999999999999,-0.19999999999999998,False,"Descriptive only; CNN representation differs from classical features, especially for WISDM."
uci_har,nll,random_forest,0.1473556976450632,4.0,0.2617459060044242,2.0,-2.0,-0.09999999999999999,-0.19999999999999998,False,"Descriptive only; CNN representation differs from classical features, especially for WISDM."
uci_har,ece_15,cnn1d,0.0235055692784371,3.0,0.0753078989358983,3.0,0.0,0.8999999999999998,0.7999999999999999,False,"Descriptive only; CNN representation differs from classical features, especially for WISDM."
uci_har,ece_15,extra_trees,0.1200322660747924,5.0,0.1435267088348921,5.0,0.0,0.8999999999999998,0.7999999999999999,False,"Descriptive only; CNN representation differs from classical features, especially for WISDM."
uci_har,ece_15,hist_gradient_boosting,0.0066725502255228,1.0,0.0511268466302603,2.0,1.0,0.8999999999999998,0.7999999999999999,False,"Descriptive only; CNN representation differs from classical features, especially for WISDM."
uci_har,ece_15,logistic,0.0098482054723223,2.0,0.037034612052373,1.0,-1.0,0.8999999999999998,0.7999999999999999,False,"Descriptive only; CNN representation differs from classical features, especially for WISDM."
uci_har,ece_15,random_forest,0.092219407051537,4.0,0.1081352637997511,4.0,0.0,0.8999999999999998,0.7999999999999999,False,"Descriptive only; CNN representation differs from classical features, especially for WISDM."
wisdm_watch_accel,macro_f1,cnn1d,0.7467557633998355,4.0,0.4649894619717147,5.0,1.0,0.7999999999999999,0.7999999999999999,False,"Descriptive only; CNN representation differs from classical features, especially for WISDM."
wisdm_watch_accel,macro_f1,extra_trees,0.8113886596239714,2.0,0.6103715666182774,3.0,1.0,0.7999999999999999,0.7999999999999999,False,"Descriptive only; CNN representation differs from classical features, especially for WISDM."
wisdm_watch_accel,macro_f1,hist_gradient_boosting,0.8375896967065429,1.0,0.6236584037425417,1.0,0.0,0.7999999999999999,0.7999999999999999,False,"Descriptive only; CNN representation differs from classical features, especially for WISDM."
wisdm_watch_accel,macro_f1,logistic,0.6913666089375196,5.0,0.5792705180068721,4.0,-1.0,0.7999999999999999,0.7999999999999999,False,"Descriptive only; CNN representation differs from classical features, especially for WISDM."
wisdm_watch_accel,macro_f1,random_forest,0.8112716989637682,3.0,0.6201651543479794,2.0,-1.0,0.7999999999999999,0.7999999999999999,False,"Descriptive only; CNN representation differs from classical features, especially for WISDM."
wisdm_watch_accel,brier,cnn1d,0.3269891352400521,4.0,0.6360568724015869,5.0,1.0,0.49999999999999994,0.19999999999999998,False,"Descriptive only; CNN representation differs from classical features, especially for WISDM."
wisdm_watch_accel,brier,extra_trees,0.2884593416977899,2.0,0.5070740286353697,2.0,0.0,0.49999999999999994,0.19999999999999998,False,"Descriptive only; CNN representation differs from classical features, especially for WISDM."
wisdm_watch_accel,brier,hist_gradient_boosting,0.224231481819653,1.0,0.5298645011205964,3.0,2.0,0.49999999999999994,0.19999999999999998,False,"Descriptive only; CNN representation differs from classical features, especially for WISDM."
wisdm_watch_accel,brier,logistic,0.401357750703337,5.0,0.5535911092705992,4.0,-1.0,0.49999999999999994,0.19999999999999998,False,"Descriptive only; CNN representation differs from classical features, especially for WISDM."
wisdm_watch_accel,brier,random_forest,0.2897485309975088,3.0,0.4894384478606263,1.0,-2.0,0.49999999999999994,0.19999999999999998,False,"Descriptive only; CNN representation differs from classical features, especially for WISDM."
wisdm_watch_accel,nll,cnn1d,0.7164046536569173,4.0,1.754555032557843,4.0,0.0,0.9999999999999999,1.0,False,"Descriptive only; CNN representation differs from classical features, especially for WISDM."
wisdm_watch_accel,nll,extra_trees,0.705930746225244,3.0,1.5722948779707493,3.0,0.0,0.9999999999999999,1.0,False,"Descriptive only; CNN representation differs from classical features, especially for WISDM."
wisdm_watch_accel,nll,hist_gradient_boosting,0.525544648431063,1.0,1.4832259053056434,1.0,0.0,0.9999999999999999,1.0,False,"Descriptive only; CNN representation differs from classical features, especially for WISDM."
wisdm_watch_accel,nll,logistic,0.937167182456588,5.0,1.813025108229341,5.0,0.0,0.9999999999999999,1.0,False,"Descriptive only; CNN representation differs from classical features, especially for WISDM."
wisdm_watch_accel,nll,random_forest,0.7040710973082059,2.0,1.4903064972610764,2.0,0.0,0.9999999999999999,1.0,False,"Descriptive only; CNN representation differs from classical features, especially for WISDM."
wisdm_watch_accel,ece_15,cnn1d,0.0801704065417667,2.0,0.1727335372876389,4.0,2.0,-0.7,-0.39999999999999997,False,"Descriptive only; CNN representation differs from classical features, especially for WISDM."
wisdm_watch_accel,ece_15,extra_trees,0.1576788205544088,5.0,0.1536804607201891,3.0,-2.0,-0.7,-0.39999999999999997,False,"Descriptive only; CNN representation differs from classical features, especially for WISDM."
wisdm_watch_accel,ece_15,hist_gradient_boosting,0.0526378471982129,1.0,0.184349005480647,5.0,4.0,-0.7,-0.39999999999999997,False,"Descriptive only; CNN representation differs from classical features, especially for WISDM."
wisdm_watch_accel,ece_15,logistic,0.0883698587157844,3.0,0.1438767398438454,2.0,-1.0,-0.7,-0.39999999999999997,False,"Descriptive only; CNN representation differs from classical features, especially for WISDM."
wisdm_watch_accel,ece_15,random_forest,0.155981937490961,4.0,0.1412119630285823,1.0,-3.0,-0.7,-0.39999999999999997,False,"Descriptive only; CNN representation differs from classical features, especially for WISDM."
